filename,frame,x1,y1,x2,y2
f0_d0.jpg,0,134,131,333,618
f0_d1.jpg,0,445,218,639,655
f0_d2.jpg,0,306,202,641,658
f0_d3.jpg,0,603,234,719,443
f0_d4.jpg,0,267,203,539,608
f1_d0.jpg,1,62,130,319,618
f1_d1.jpg,1,300,207,523,569
f1_d2.jpg,1,451,232,629,674
f2_d0.jpg,2,63,128,318,617
f2_d1.jpg,2,301,204,525,567
f2_d2.jpg,2,456,235,630,673
f2_d3.jpg,2,603,232,719,443
f3_d0.jpg,3,46,129,317,614
f3_d1.jpg,3,447,235,633,677
f3_d2.jpg,3,290,207,528,560
f4_d0.jpg,4,46,128,317,614
f4_d1.jpg,4,291,207,529,559
f4_d2.jpg,4,457,238,633,677
f5_d0.jpg,5,36,121,305,610
f5_d1.jpg,5,418,243,634,677
f5_d2.jpg,5,313,206,518,559
f6_d0.jpg,6,34,118,304,608
f6_d1.jpg,6,421,230,635,678
f6_d2.jpg,6,311,207,525,556
f6_d3.jpg,6,602,232,719,442
f7_d0.jpg,7,33,112,269,586
f7_d1.jpg,7,416,220,631,675
f7_d2.jpg,7,325,203,522,556
f7_d3.jpg,7,601,231,719,442
f8_d0.jpg,8,33,105,269,585
f8_d1.jpg,8,410,216,631,675
f8_d2.jpg,8,325,203,523,556
f8_d3.jpg,8,601,232,719,442
f9_d0.jpg,9,32,99,217,580
f9_d1.jpg,9,417,235,632,678
f9_d2.jpg,9,330,197,506,556
f10_d0.jpg,10,31,97,217,580
f10_d1.jpg,10,417,236,631,677
f10_d2.jpg,10,328,197,506,552
f11_d0.jpg,11,19,94,177,575
f11_d1.jpg,11,400,219,626,676
f11_d2.jpg,11,327,194,498,551
f12_d0.jpg,12,20,93,175,575
f12_d1.jpg,12,399,234,626,676
f12_d2.jpg,12,325,194,497,550
f13_d0.jpg,13,3,90,163,575
f13_d1.jpg,13,401,237,624,673
f13_d2.jpg,13,323,198,494,542
f14_d0.jpg,14,400,238,623,673
f14_d1.jpg,14,5,89,158,574
f14_d2.jpg,14,323,199,494,541
f15_d0.jpg,15,1,86,138,574
f15_d1.jpg,15,389,224,621,673
f15_d2.jpg,15,322,199,497,539
f15_d3.jpg,15,199,138,300,237
f16_d0.jpg,16,1,85,134,572
f16_d1.jpg,16,390,227,621,673
f16_d2.jpg,16,322,198,497,542
f16_d3.jpg,16,199,137,300,236
f17_d0.jpg,17,1,86,117,571
f17_d1.jpg,17,395,215,621,673
f17_d2.jpg,17,323,206,496,542
f17_d3.jpg,17,191,136,299,236
f18_d0.jpg,18,1,87,114,569
f18_d1.jpg,18,391,212,619,671
f18_d2.jpg,18,323,205,500,542
f18_d3.jpg,18,190,135,298,235
f19_d0.jpg,19,331,209,619,671
f19_d1.jpg,19,1,88,101,568
f19_d2.jpg,19,185,135,299,235
f20_d0.jpg,20,332,209,618,671
f20_d1.jpg,20,1,86,101,569
f20_d2.jpg,20,185,134,299,235
f20_d3.jpg,20,659,227,689,268
f21_d0.jpg,21,333,210,618,670
f21_d1.jpg,21,180,133,300,235
f21_d2.jpg,21,2,103,64,364
f21_d3.jpg,21,1,100,74,567
f21_d4.jpg,21,322,211,483,531
f22_d0.jpg,22,338,210,617,670
f22_d1.jpg,22,181,132,299,235
f22_d2.jpg,22,2,82,64,362
f22_d3.jpg,22,322,210,483,531
f22_d4.jpg,22,1,83,74,566
f22_d5.jpg,22,656,227,690,283
f23_d0.jpg,23,389,213,616,674
f23_d1.jpg,23,183,131,300,234
f23_d2.jpg,23,321,211,498,535
f24_d0.jpg,24,354,211,615,674
f24_d1.jpg,24,183,130,298,234
f24_d2.jpg,24,322,212,490,533
f24_d3.jpg,24,0,73,35,361
f24_d4.jpg,24,599,256,679,392
f25_d0.jpg,25,411,223,617,675
f25_d1.jpg,25,319,212,505,537
f25_d2.jpg,25,182,129,296,233
f26_d0.jpg,26,409,221,616,675
f26_d1.jpg,26,182,129,295,232
f26_d2.jpg,26,320,212,502,537
f26_d3.jpg,26,1,68,41,359
f27_d0.jpg,27,411,218,618,675
f27_d1.jpg,27,179,128,295,233
f27_d2.jpg,27,320,214,498,537
f28_d0.jpg,28,409,217,617,675
f28_d1.jpg,28,176,128,294,233
f28_d2.jpg,28,321,212,497,537
f29_d0.jpg,29,397,214,615,674
f29_d1.jpg,29,172,127,293,232
f29_d2.jpg,29,334,212,499,533
f29_d3.jpg,29,1,94,35,361
f30_d0.jpg,30,359,214,615,675
f30_d1.jpg,30,173,126,292,232
f30_d2.jpg,30,332,212,498,533
f31_d0.jpg,31,414,216,612,674
f31_d1.jpg,31,173,125,291,233
f31_d2.jpg,31,350,212,498,535
f32_d0.jpg,32,426,218,609,675
f32_d1.jpg,32,173,124,289,233
f32_d2.jpg,32,348,212,495,536
f33_d0.jpg,33,415,227,603,673
f33_d1.jpg,33,166,123,286,232
f33_d2.jpg,33,348,215,496,537
f33_d3.jpg,33,585,243,720,429
f33_d4.jpg,33,1,109,33,361
f34_d0.jpg,34,408,232,601,673
f34_d1.jpg,34,169,124,283,231
f34_d2.jpg,34,343,215,495,537
f34_d3.jpg,34,582,237,720,427
f34_d4.jpg,34,1,106,30,293
f34_d5.jpg,34,0,111,31,360
f35_d0.jpg,35,411,223,593,674
f35_d1.jpg,35,167,124,282,231
f35_d2.jpg,35,341,215,488,539
f35_d3.jpg,35,0,116,27,291
f36_d0.jpg,36,409,225,590,676
f36_d1.jpg,36,165,123,279,232
f36_d2.jpg,36,340,216,475,540
f37_d0.jpg,37,419,238,582,672
f37_d1.jpg,37,164,124,278,233
f37_d2.jpg,37,341,216,488,536
f37_d3.jpg,37,343,223,577,662
f38_d0.jpg,38,420,240,581,673
f38_d1.jpg,38,161,124,277,233
f38_d2.jpg,38,338,219,483,538
f38_d3.jpg,38,671,238,719,314
f38_d4.jpg,38,340,219,546,537
f39_d0.jpg,39,333,223,575,652
f39_d1.jpg,39,158,126,274,234
f40_d0.jpg,40,335,225,573,652
f40_d1.jpg,40,157,126,272,236
f41_d0.jpg,41,330,230,563,624
f41_d1.jpg,41,155,127,271,237
f42_d0.jpg,42,153,129,269,238
f42_d1.jpg,42,334,231,560,626
f42_d2.jpg,42,623,310,717,450
f43_d0.jpg,43,328,252,549,629
f43_d1.jpg,43,151,131,268,239
f43_d2.jpg,43,328,257,475,632
f44_d0.jpg,44,326,250,546,630
f44_d1.jpg,44,150,132,268,240
f44_d2.jpg,44,327,257,475,635
f45_d0.jpg,45,322,261,533,630
f45_d1.jpg,45,151,134,265,242
f46_d0.jpg,46,321,263,531,633
f46_d1.jpg,46,148,136,265,243
f47_d0.jpg,47,320,274,517,631
f47_d1.jpg,47,148,138,265,248
f48_d0.jpg,48,320,275,517,632
f48_d1.jpg,48,148,140,263,250
f49_d0.jpg,49,288,247,511,629
f49_d1.jpg,49,132,86,251,209
f50_d0.jpg,50,283,229,545,631
f50_d1.jpg,50,119,70,248,197
f51_d0.jpg,51,255,216,486,632
f51_d1.jpg,51,108,59,243,188
f52_d0.jpg,52,253,213,487,631
f52_d1.jpg,52,101,54,242,183
f53_d0.jpg,53,241,208,496,632
f53_d1.jpg,53,100,49,238,179
f54_d0.jpg,54,240,206,496,632
f54_d1.jpg,54,97,45,234,178
f55_d0.jpg,55,93,44,234,177
f55_d1.jpg,55,252,207,553,637
f56_d0.jpg,56,97,45,230,177
f56_d1.jpg,56,250,209,472,638
f57_d0.jpg,57,261,207,503,630
f57_d1.jpg,57,93,45,229,178
f57_d2.jpg,57,583,174,718,296
f57_d3.jpg,57,634,244,720,401
f58_d0.jpg,58,259,209,497,630
f58_d1.jpg,58,94,46,229,179
f58_d2.jpg,58,581,186,715,298
f58_d3.jpg,58,633,240,720,391
f59_d0.jpg,59,260,211,493,592
f59_d1.jpg,59,93,46,227,179
f60_d0.jpg,60,250,212,490,593
f60_d1.jpg,60,88,48,226,181
f60_d2.jpg,60,406,215,547,495
f61_d0.jpg,61,221,228,487,532
f61_d1.jpg,61,84,48,223,182
f61_d2.jpg,61,396,217,545,497
f62_d0.jpg,62,85,49,223,185
f62_d1.jpg,62,217,225,495,531
f63_d0.jpg,63,82,49,220,185
f63_d1.jpg,63,197,226,463,521
f63_d2.jpg,63,392,216,539,493
f64_d0.jpg,64,80,50,219,185
f64_d1.jpg,64,389,212,537,497
f64_d2.jpg,64,197,270,464,521
f65_d0.jpg,65,130,231,502,517
f65_d1.jpg,65,79,52,215,183
f65_d2.jpg,65,400,197,530,497
f65_d3.jpg,65,569,196,719,417
f66_d0.jpg,66,129,229,498,518
f66_d1.jpg,66,80,52,216,183
f66_d2.jpg,66,399,190,529,498
f66_d3.jpg,66,569,190,719,419
f67_d0.jpg,67,136,223,475,513
f67_d1.jpg,67,77,53,218,185
f67_d2.jpg,67,401,180,552,506
f68_d0.jpg,68,134,223,466,516
f68_d1.jpg,68,398,168,545,507
f68_d2.jpg,68,77,53,215,182
f69_d0.jpg,69,365,169,541,508
f69_d1.jpg,69,157,228,439,511
f69_d2.jpg,69,72,55,216,188
f70_d0.jpg,70,361,160,539,508
f70_d1.jpg,70,154,223,439,511
f70_d2.jpg,70,68,57,215,189
f71_d0.jpg,71,352,146,541,508
f71_d1.jpg,71,162,225,427,501
f71_d2.jpg,71,65,59,215,192
f72_d0.jpg,72,351,125,541,508
f72_d1.jpg,72,163,224,437,501
f72_d2.jpg,72,64,60,215,193
f73_d0.jpg,73,385,125,539,510
f73_d1.jpg,73,166,219,464,488
f73_d2.jpg,73,60,63,215,193
f74_d0.jpg,74,386,119,539,511
f74_d1.jpg,74,166,221,467,490
f74_d2.jpg,74,61,63,216,194
f75_d0.jpg,75,381,120,538,514
f75_d1.jpg,75,166,224,466,482
f75_d2.jpg,75,60,65,216,194
f76_d0.jpg,76,378,121,540,515
f76_d1.jpg,76,164,224,461,484
f76_d2.jpg,76,61,67,217,196
f77_d0.jpg,77,158,223,485,474
f77_d1.jpg,77,382,121,542,513
f77_d2.jpg,77,61,68,219,197
f78_d0.jpg,78,159,224,485,476
f78_d1.jpg,78,61,70,219,198
f78_d2.jpg,78,338,124,545,513
f78_d3.jpg,78,571,216,674,319
f79_d0.jpg,79,378,131,543,513
f79_d1.jpg,79,152,221,481,474
f79_d2.jpg,79,62,71,220,197
f79_d3.jpg,79,574,215,680,322
f80_d0.jpg,80,150,222,470,475
f80_d1.jpg,80,337,131,545,512
f80_d2.jpg,80,62,72,223,197
f81_d0.jpg,81,393,131,546,509
f81_d1.jpg,81,145,218,401,470
f81_d2.jpg,81,63,73,224,195
f81_d3.jpg,81,633,240,720,431
f82_d0.jpg,82,394,131,549,509
f82_d1.jpg,82,147,220,401,471
f82_d2.jpg,82,64,74,227,196
f82_d3.jpg,82,637,260,720,423
f83_d0.jpg,83,391,132,549,505
f83_d1.jpg,83,143,219,380,474
f83_d2.jpg,83,67,77,228,196
f83_d3.jpg,83,639,246,720,415
f83_d4.jpg,83,584,196,718,322
f84_d0.jpg,84,392,131,552,506
f84_d1.jpg,84,144,218,384,475
f84_d2.jpg,84,72,78,231,198
f84_d3.jpg,84,587,198,718,327
f85_d0.jpg,85,393,132,548,508
f85_d1.jpg,85,142,218,379,473
f85_d2.jpg,85,77,80,234,201
f85_d3.jpg,85,590,198,720,425
f85_d4.jpg,85,590,199,720,334
f86_d0.jpg,86,395,134,552,509
f86_d1.jpg,86,146,219,384,474
f86_d2.jpg,86,80,82,236,203
f86_d3.jpg,86,592,197,720,422
f86_d4.jpg,86,594,200,720,335
f87_d0.jpg,87,388,139,560,511
f87_d1.jpg,87,148,219,378,476
f87_d2.jpg,87,85,85,239,202
f87_d3.jpg,87,598,203,719,330
f88_d0.jpg,88,391,141,564,511
f88_d1.jpg,88,152,219,384,476
f88_d2.jpg,88,89,87,244,204
f88_d3.jpg,88,602,203,719,330
f89_d0.jpg,89,391,148,568,505
f89_d1.jpg,89,156,219,422,476
f89_d2.jpg,89,91,92,246,206
f89_d3.jpg,89,688,204,719,253
f90_d0.jpg,90,392,149,572,505
f90_d1.jpg,90,161,218,471,477
f90_d2.jpg,90,97,92,252,206
f90_d3.jpg,90,687,205,720,259
f91_d0.jpg,91,164,217,439,478
f91_d1.jpg,91,381,151,576,503
f91_d2.jpg,91,108,95,251,207
f91_d3.jpg,91,615,206,720,332
f92_d0.jpg,92,167,209,454,478
f92_d1.jpg,92,380,152,581,504
f93_d0.jpg,93,167,152,587,497
f93_d1.jpg,93,120,98,254,209
f93_d2.jpg,93,379,153,586,498
f94_d0.jpg,94,170,146,592,498
f94_d1.jpg,94,121,98,254,208
f95_d0.jpg,95,173,139,589,494
f95_d1.jpg,95,117,98,253,208
f95_d2.jpg,95,630,232,720,335
f96_d0.jpg,96,178,138,572,490
f96_d1.jpg,96,633,231,720,335
f96_d2.jpg,96,117,98,257,210
f97_d0.jpg,97,214,138,576,492
f97_d1.jpg,97,635,231,720,337
f97_d2.jpg,97,120,98,258,210
f98_d0.jpg,98,183,149,537,487
f98_d1.jpg,98,640,230,720,335
f99_d0.jpg,99,186,149,539,488
f99_d1.jpg,99,641,230,720,335
f99_d2.jpg,99,125,100,263,212
f100_d0.jpg,100,182,176,515,482
f100_d1.jpg,100,647,229,719,334
f100_d2.jpg,100,127,102,267,213
f101_d0.jpg,101,183,176,517,482
f101_d1.jpg,101,650,229,719,332
f101_d2.jpg,101,126,103,267,212
f102_d0.jpg,102,179,178,517,484
f102_d1.jpg,102,653,228,719,330
f102_d2.jpg,102,131,105,266,213
f103_d0.jpg,103,179,180,517,484
f103_d1.jpg,103,655,228,719,332
f103_d2.jpg,103,128,105,270,213
f104_d0.jpg,104,188,179,515,500
f104_d1.jpg,104,659,228,719,336
f105_d0.jpg,105,190,165,516,500
f105_d1.jpg,105,660,230,719,333
f105_d2.jpg,105,131,108,272,214
f106_d0.jpg,106,217,163,509,502
f106_d1.jpg,106,661,231,719,333
f107_d0.jpg,107,217,153,510,502
f107_d1.jpg,107,661,231,719,334
f107_d2.jpg,107,130,110,278,215
f108_d0.jpg,108,243,152,508,502
f108_d1.jpg,108,659,233,719,334
f109_d0.jpg,109,243,152,511,502
f109_d1.jpg,109,659,233,719,333
f110_d0.jpg,110,253,153,515,484
f110_d1.jpg,110,655,235,719,334
f111_d0.jpg,111,251,154,516,484
f111_d1.jpg,111,655,235,719,334
f111_d2.jpg,111,129,113,277,216
f112_d0.jpg,112,253,155,523,482
f112_d1.jpg,112,652,235,719,333
f112_d2.jpg,112,128,113,273,216
f113_d0.jpg,113,252,152,529,483
f113_d1.jpg,113,651,235,719,334
f113_d2.jpg,113,127,112,273,217
f114_d0.jpg,114,257,150,531,482
f114_d1.jpg,114,646,234,716,334
f114_d2.jpg,114,123,113,272,215
f115_d0.jpg,115,256,148,539,483
f115_d1.jpg,115,122,112,272,217
f115_d2.jpg,115,645,236,719,339
f116_d0.jpg,116,270,147,540,484
f116_d1.jpg,116,642,236,716,333
f116_d2.jpg,116,121,113,271,217
f117_d0.jpg,117,266,149,544,485
f117_d1.jpg,117,120,112,273,217
f117_d2.jpg,117,641,236,716,339
f117_d3.jpg,117,645,236,713,310
f118_d0.jpg,118,277,154,546,487
f118_d1.jpg,118,639,236,714,335
f119_d0.jpg,119,276,154,546,489
f119_d1.jpg,119,638,237,708,315
f119_d2.jpg,119,114,112,269,218
f119_d3.jpg,119,635,238,717,339
f120_d0.jpg,120,292,158,543,488
f120_d1.jpg,120,634,238,707,312
f120_d2.jpg,120,633,238,718,342
f121_d0.jpg,121,290,158,542,489
f121_d1.jpg,121,632,237,718,340
f121_d2.jpg,121,633,237,709,310
f122_d0.jpg,122,308,169,541,489
f123_d0.jpg,123,305,168,540,487
f123_d1.jpg,123,623,237,702,314
f123_d2.jpg,123,623,238,717,336
f124_d0.jpg,124,308,177,539,488
f125_d0.jpg,125,306,178,538,485
f126_d0.jpg,126,339,187,536,482
f127_d0.jpg,127,306,188,543,483
f128_d0.jpg,128,344,186,542,478
f128_d1.jpg,128,690,213,720,283
f129_d0.jpg,129,339,187,552,478
f129_d1.jpg,129,680,211,720,287
f130_d0.jpg,130,309,186,550,476
f131_d0.jpg,131,307,185,566,476
f132_d0.jpg,132,325,184,563,475
f133_d0.jpg,133,320,186,571,474
f134_d0.jpg,134,341,193,572,475
f135_d0.jpg,135,337,192,576,474
f136_d0.jpg,136,361,195,576,476
f137_d0.jpg,137,359,195,578,475
f138_d0.jpg,138,371,197,578,515
f138_d1.jpg,138,649,208,687,263
f139_d0.jpg,139,369,199,577,513
f139_d1.jpg,139,39,81,198,215
f140_d0.jpg,140,375,202,577,517
f140_d1.jpg,140,641,207,681,260
f140_d2.jpg,140,33,79,199,216
f140_d3.jpg,140,617,230,719,451
f141_d0.jpg,141,374,201,705,517
f141_d1.jpg,141,30,71,194,217
f141_d2.jpg,141,374,201,606,517
f141_d3.jpg,141,595,232,720,454
f141_d4.jpg,141,639,207,682,260
f142_d0.jpg,142,409,208,679,514
f142_d1.jpg,142,28,67,192,214
f142_d2.jpg,142,573,213,720,457
f143_d0.jpg,143,407,203,675,513
f143_d1.jpg,143,25,61,190,213
f144_d0.jpg,144,414,206,671,513
f145_d0.jpg,145,414,204,645,510
f145_d1.jpg,145,29,52,186,214
f145_d2.jpg,145,412,203,565,507
f145_d3.jpg,145,629,202,666,257
f146_d0.jpg,146,410,200,605,510
f146_d1.jpg,146,31,52,176,204
f147_d0.jpg,147,412,199,599,507
f148_d0.jpg,148,407,200,616,513
f149_d0.jpg,149,404,200,627,511
f149_d1.jpg,149,26,34,152,196
f150_d0.jpg,150,400,205,655,547
f150_d1.jpg,150,24,31,136,191
f151_d0.jpg,151,399,203,650,551
f151_d1.jpg,151,21,24,131,188
f152_d0.jpg,152,402,206,645,558
f153_d0.jpg,153,400,205,653,558
f153_d1.jpg,153,14,17,168,195
f154_d0.jpg,154,12,15,126,185
f154_d1.jpg,154,387,217,715,554
f155_d0.jpg,155,389,215,632,555
f155_d1.jpg,155,10,11,124,181
f156_d0.jpg,156,11,10,117,178
f156_d1.jpg,156,369,228,661,554
f157_d0.jpg,157,10,7,115,178
f157_d1.jpg,157,371,224,707,552
f157_d2.jpg,157,606,188,647,243
f158_d0.jpg,158,7,5,110,177
f158_d1.jpg,158,399,250,602,549
f158_d2.jpg,158,454,269,600,550
f159_d0.jpg,159,369,234,634,550
f159_d1.jpg,159,7,1,114,181
f159_d2.jpg,159,7,0,154,191
f160_d0.jpg,160,5,0,149,189
f160_d1.jpg,160,407,220,667,549
f161_d0.jpg,161,8,0,146,189
f161_d1.jpg,161,407,218,697,549
f161_d2.jpg,161,597,181,637,237
f162_d0.jpg,162,4,0,142,187
f162_d1.jpg,162,426,217,629,548
f162_d2.jpg,162,593,180,634,234
f163_d0.jpg,163,3,0,141,185
f163_d1.jpg,163,423,217,634,547
f163_d2.jpg,163,591,179,632,232
f164_d0.jpg,164,13,0,136,181
f164_d1.jpg,164,432,211,640,559
f165_d0.jpg,165,5,0,136,183
f165_d1.jpg,165,429,210,639,558
f166_d0.jpg,166,4,0,128,179
f166_d1.jpg,166,438,213,628,562
f167_d0.jpg,167,4,0,81,167
f167_d1.jpg,167,433,211,626,565
f168_d0.jpg,168,438,210,625,577
f168_d1.jpg,168,3,0,99,170
f169_d0.jpg,169,0,0,71,166
f169_d1.jpg,169,436,208,672,577
f170_d0.jpg,170,0,0,64,163
f170_d1.jpg,170,436,208,625,582
f171_d0.jpg,171,434,205,634,583
f171_d1.jpg,171,0,0,61,164
f171_d2.jpg,171,1,0,107,169
f172_d0.jpg,172,389,207,620,581
f172_d1.jpg,172,0,0,55,164
f172_d2.jpg,172,1,1,110,170
f173_d0.jpg,173,385,202,625,580
f173_d1.jpg,173,1,0,50,161
f173_d2.jpg,173,2,2,107,171
f174_d0.jpg,174,340,272,599,581
f174_d1.jpg,174,1,0,46,157
f174_d2.jpg,174,450,203,598,341
f174_d3.jpg,174,551,168,590,226
f174_d4.jpg,174,666,208,709,270
f175_d0.jpg,175,333,278,600,580
f175_d1.jpg,175,0,1,39,151
f175_d2.jpg,175,548,167,587,224
f175_d3.jpg,175,661,207,702,270
f176_d0.jpg,176,312,214,627,580
f176_d1.jpg,176,0,1,32,143
f176_d2.jpg,176,544,167,585,221
f177_d0.jpg,177,309,205,608,580
f177_d1.jpg,177,541,166,582,218
f177_d2.jpg,177,0,1,29,144
f178_d0.jpg,178,303,203,601,579
f179_d0.jpg,179,300,196,618,580
f180_d0.jpg,180,298,187,584,575
f180_d1.jpg,180,646,205,687,269
f181_d0.jpg,181,297,196,570,571
f182_d0.jpg,182,293,197,603,552
f183_d0.jpg,183,293,196,603,551
f184_d0.jpg,184,290,195,621,551
f184_d1.jpg,184,640,204,682,266
f184_d2.jpg,184,526,165,568,210
f185_d0.jpg,185,285,188,636,555
f186_d0.jpg,186,285,232,609,562
f186_d1.jpg,186,526,163,564,207
f187_d0.jpg,187,283,201,614,560
f187_d1.jpg,187,525,162,565,208
f188_d0.jpg,188,275,184,661,571
f188_d1.jpg,188,526,161,565,209
f189_d0.jpg,189,273,180,662,572
f189_d1.jpg,189,525,160,567,209
f190_d0.jpg,190,272,180,647,570
f191_d0.jpg,191,273,182,613,564
f192_d0.jpg,192,270,179,602,562
f193_d0.jpg,193,270,175,635,563
f194_d0.jpg,194,279,185,609,560
f194_d1.jpg,194,623,320,720,465
f195_d0.jpg,195,279,179,629,560
f195_d1.jpg,195,621,320,719,465
f196_d0.jpg,196,279,174,609,552
f196_d1.jpg,196,578,314,719,466
f197_d0.jpg,197,279,167,642,548
f197_d1.jpg,197,575,308,719,466
f198_d0.jpg,198,280,168,633,548
f198_d1.jpg,198,577,311,719,466
f199_d0.jpg,199,280,167,660,546
f199_d1.jpg,199,653,312,718,465
f200_d0.jpg,200,652,312,719,466
f200_d1.jpg,200,279,184,514,540
f200_d2.jpg,200,280,175,638,545
f201_d0.jpg,201,281,167,559,541
f201_d1.jpg,201,657,311,717,465
f202_d0.jpg,202,281,164,557,541
f202_d1.jpg,202,657,312,717,465
f203_d0.jpg,203,284,166,540,542
f203_d1.jpg,203,656,311,717,466
f203_d2.jpg,203,283,177,492,474
f204_d0.jpg,204,286,168,538,542
f204_d1.jpg,204,283,186,492,482
f204_d2.jpg,204,657,310,718,466
f205_d0.jpg,205,296,186,488,463
f205_d1.jpg,205,654,311,717,466
f205_d2.jpg,205,437,161,533,542
f205_d3.jpg,205,294,179,520,542
f206_d0.jpg,206,299,163,537,544
f206_d1.jpg,206,645,309,718,464
f206_d2.jpg,206,301,172,493,466
f207_d0.jpg,207,328,161,512,543
f207_d1.jpg,207,657,311,717,465
f208_d0.jpg,208,329,161,510,542
f208_d1.jpg,208,664,313,718,462
f209_d0.jpg,209,331,161,504,522
f210_d0.jpg,210,331,161,509,534
f211_d0.jpg,211,332,162,513,522
f212_d0.jpg,212,331,162,515,522
f213_d0.jpg,213,332,165,521,513
f214_d0.jpg,214,333,165,521,514
f215_d0.jpg,215,333,165,526,514
f216_d0.jpg,216,336,166,527,516
f217_d0.jpg,217,334,167,522,515
f218_d0.jpg,218,336,169,532,518
f219_d0.jpg,219,330,173,548,520
f220_d0.jpg,220,332,171,589,524
f221_d0.jpg,221,344,172,605,527
f222_d0.jpg,222,343,168,605,529
f223_d0.jpg,223,353,169,591,531
f224_d0.jpg,224,353,167,585,531
f225_d0.jpg,225,350,168,572,530
f226_d0.jpg,226,351,165,575,532
f227_d0.jpg,227,350,163,548,534
f228_d0.jpg,228,349,159,541,536
f229_d0.jpg,229,353,160,555,543
f230_d0.jpg,230,354,158,541,543
f231_d0.jpg,231,357,163,535,545
f231_d1.jpg,231,0,0,67,190
f232_d0.jpg,232,359,166,531,548
f233_d0.jpg,233,360,169,530,557
f233_d1.jpg,233,596,298,719,481
f233_d2.jpg,233,661,240,703,306
f234_d0.jpg,234,364,171,531,560
f234_d1.jpg,234,0,0,75,205
f234_d2.jpg,234,520,209,604,339
f234_d3.jpg,234,666,246,707,309
f235_d0.jpg,235,367,176,533,568
f235_d1.jpg,235,0,0,70,209
f235_d2.jpg,235,667,249,714,321
f236_d0.jpg,236,368,166,534,570
f236_d1.jpg,236,0,0,74,213
f236_d2.jpg,236,599,318,719,494
f237_d0.jpg,237,362,168,535,572
f237_d1.jpg,237,0,0,79,217
f237_d2.jpg,237,603,326,720,499
f237_d3.jpg,237,671,257,715,320
f238_d0.jpg,238,0,0,84,219
f238_d1.jpg,238,365,167,531,575
f238_d2.jpg,238,605,328,719,500
f239_d0.jpg,239,0,0,85,223
f239_d1.jpg,239,367,169,529,566
f239_d2.jpg,239,371,164,454,551
f239_d3.jpg,239,607,329,719,525
f240_d0.jpg,240,0,0,87,226
f240_d1.jpg,240,376,166,529,567
f240_d2.jpg,240,608,328,720,526
f241_d0.jpg,241,0,0,87,229
f241_d1.jpg,241,365,172,527,556
f241_d2.jpg,241,322,167,450,470
f241_d3.jpg,241,608,320,720,501
f241_d4.jpg,241,331,169,502,555
f242_d0.jpg,242,0,0,88,232
f242_d1.jpg,242,360,174,530,561
f242_d2.jpg,242,610,324,720,501
f242_d3.jpg,242,678,267,719,339
f243_d0.jpg,243,0,0,88,234
f243_d1.jpg,243,282,172,530,564
f243_d2.jpg,243,682,269,720,336
f244_d0.jpg,244,0,0,92,238
f244_d1.jpg,244,278,173,531,568
f244_d2.jpg,244,614,325,719,505
f244_d3.jpg,244,683,269,720,338
f245_d0.jpg,245,0,0,93,239
f245_d1.jpg,245,273,180,516,567
f245_d2.jpg,245,620,359,720,504
f245_d3.jpg,245,338,223,523,567
f246_d0.jpg,246,0,0,96,240
f246_d1.jpg,246,273,181,522,569
f246_d2.jpg,246,622,359,720,504
f247_d0.jpg,247,0,0,95,242
f247_d1.jpg,247,279,181,516,568
f247_d2.jpg,247,640,365,720,510
f247_d3.jpg,247,534,238,631,369
f248_d0.jpg,248,280,180,520,566
f248_d1.jpg,248,0,0,91,242
f248_d2.jpg,248,643,366,720,509
f248_d3.jpg,248,533,239,633,372
f249_d0.jpg,249,283,180,522,566
f249_d1.jpg,249,0,1,100,243
f249_d2.jpg,249,671,370,720,526
f249_d3.jpg,249,536,244,641,372
f250_d0.jpg,250,279,180,528,566
f250_d1.jpg,250,0,2,106,245
f250_d2.jpg,250,674,379,720,526
f251_d0.jpg,251,277,180,538,564
f251_d1.jpg,251,0,2,111,248
f251_d2.jpg,251,545,240,650,373
f252_d0.jpg,252,286,184,541,567
f252_d1.jpg,252,0,4,113,257
f252_d2.jpg,252,552,243,654,375
f253_d0.jpg,253,1,5,119,259
f253_d1.jpg,253,231,194,541,569
f253_d2.jpg,253,557,246,652,377
f254_d0.jpg,254,3,7,120,263
f254_d1.jpg,254,221,195,540,570
f254_d2.jpg,254,560,245,660,380
f255_d0.jpg,255,9,10,128,265
f255_d1.jpg,255,221,205,510,559
f255_d2.jpg,255,379,201,523,565
f255_d3.jpg,255,567,248,660,379
f256_d0.jpg,256,14,12,133,270
f256_d1.jpg,256,225,205,513,550
f256_d2.jpg,256,370,210,530,569
f256_d3.jpg,256,572,249,664,380
f257_d0.jpg,257,231,214,523,571
f257_d1.jpg,257,20,14,137,273
f257_d2.jpg,257,576,248,682,379
f257_d3.jpg,257,674,260,720,355
f258_d0.jpg,258,238,214,530,572
f258_d1.jpg,258,24,17,144,273
f258_d2.jpg,258,583,251,683,375
f258_d3.jpg,258,677,260,720,354
f259_d0.jpg,259,244,218,520,562
f259_d1.jpg,259,35,19,148,279
f259_d2.jpg,259,589,252,681,381
f260_d0.jpg,260,246,216,529,564
f260_d1.jpg,260,41,20,159,281
f260_d2.jpg,260,594,252,707,382
f261_d0.jpg,261,247,215,522,561
f261_d1.jpg,261,50,23,168,283
f261_d2.jpg,261,371,218,522,562
f262_d0.jpg,262,247,209,530,560
f262_d1.jpg,262,58,22,177,283
f262_d2.jpg,262,609,253,720,381
f263_d0.jpg,263,248,208,522,565
f263_d1.jpg,263,81,25,186,285
f264_d0.jpg,264,89,26,201,284
f264_d1.jpg,264,235,198,531,566
f264_d2.jpg,264,624,252,720,382
f265_d0.jpg,265,216,198,526,567
f265_d1.jpg,265,97,25,209,284
f266_d0.jpg,266,110,26,224,286
f266_d1.jpg,266,178,186,535,563
f266_d2.jpg,266,641,260,719,382
f267_d0.jpg,267,189,188,531,565
f267_d1.jpg,267,120,26,237,287
f268_d0.jpg,268,132,27,249,287
f268_d1.jpg,268,175,175,540,564
f269_d0.jpg,269,148,30,266,288
f269_d1.jpg,269,191,176,535,561
f269_d2.jpg,269,674,270,719,372
f269_d3.jpg,269,368,184,537,565
f270_d0.jpg,270,163,30,283,288
f270_d1.jpg,270,199,171,547,565
f271_d0.jpg,271,178,33,299,288
f271_d1.jpg,271,209,172,536,564
f271_d2.jpg,271,371,173,538,566
f272_d0.jpg,272,189,34,307,287
f272_d1.jpg,272,221,173,549,564
f272_d2.jpg,272,357,172,550,566
f273_d0.jpg,273,234,175,543,563
f273_d1.jpg,273,207,35,334,289
f274_d0.jpg,274,220,35,355,289
f274_d1.jpg,274,198,175,556,574
f274_d2.jpg,274,367,175,557,579
f275_d0.jpg,275,242,36,374,289
f275_d1.jpg,275,200,179,551,579
f275_d2.jpg,275,380,180,551,583
f276_d0.jpg,276,258,37,392,280
f276_d1.jpg,276,284,179,560,586
f276_d2.jpg,276,212,236,433,547
f277_d0.jpg,277,282,38,408,291
f277_d1.jpg,277,348,182,555,581
f277_d2.jpg,277,204,182,555,580
f277_d3.jpg,277,193,191,466,550
f278_d0.jpg,278,207,234,455,547
f278_d1.jpg,278,358,183,569,583
f278_d2.jpg,278,294,40,425,282
f279_d0.jpg,279,360,187,568,586
f279_d1.jpg,279,220,211,476,550
f279_d2.jpg,279,310,41,441,271
f280_d0.jpg,280,347,189,583,586
f280_d1.jpg,280,323,42,453,273
f280_d2.jpg,280,231,228,476,549
f281_d0.jpg,281,326,196,580,585
f281_d1.jpg,281,338,44,469,231
f281_d2.jpg,281,243,218,462,559
f282_d0.jpg,282,326,188,584,586
f282_d1.jpg,282,354,47,484,235
f283_d0.jpg,283,235,188,570,589
f283_d1.jpg,283,367,47,499,222
f284_d0.jpg,284,244,187,575,587
f284_d1.jpg,284,378,49,500,221
f285_d0.jpg,285,392,48,522,226
f285_d1.jpg,285,163,171,578,589
f286_d0.jpg,286,169,172,569,591
f286_d1.jpg,286,402,50,534,229
f287_d0.jpg,287,413,51,543,253
f287_d1.jpg,287,214,165,531,579
f288_d0.jpg,288,219,164,545,585
f288_d1.jpg,288,423,54,558,588
f288_d2.jpg,288,424,52,552,248
f289_d0.jpg,289,259,174,550,582
f289_d1.jpg,289,432,54,555,269
f290_d0.jpg,290,270,177,562,589
f290_d1.jpg,290,445,56,569,272
f291_d0.jpg,291,232,177,551,588
f291_d1.jpg,291,462,57,578,293
f292_d0.jpg,292,239,178,566,596
f292_d1.jpg,292,466,58,589,294
f293_d0.jpg,293,216,159,571,591
f293_d1.jpg,293,490,61,606,319
f293_d2.jpg,293,479,60,604,524
f293_d3.jpg,293,215,165,434,549
f294_d0.jpg,294,227,166,582,599
f294_d1.jpg,294,499,60,617,333
f294_d2.jpg,294,336,139,393,205
f295_d0.jpg,295,213,161,586,605
f295_d1.jpg,295,523,63,629,342
f296_d0.jpg,296,527,63,643,341
f296_d1.jpg,296,224,162,596,605
f297_d0.jpg,297,214,161,592,609
f297_d1.jpg,297,545,67,670,350
f298_d0.jpg,298,230,162,608,609
f298_d1.jpg,298,556,69,683,352
f299_d0.jpg,299,215,168,586,612
f299_d1.jpg,299,579,75,698,355
f300_d0.jpg,300,232,172,601,610
f300_d1.jpg,300,595,77,714,355
f301_d0.jpg,301,204,182,558,610
f301_d1.jpg,301,615,81,720,356
f301_d2.jpg,301,0,241,159,417
f302_d0.jpg,302,220,182,576,612
f302_d1.jpg,302,1,241,175,581
f302_d2.jpg,302,630,81,720,343
f302_d3.jpg,302,1,241,175,418
f303_d0.jpg,303,196,197,566,609
f303_d1.jpg,303,1,245,163,418
f303_d2.jpg,303,647,112,719,341
f304_d0.jpg,304,211,199,582,609
f304_d1.jpg,304,665,129,720,342
f304_d2.jpg,304,0,246,179,419
f305_d0.jpg,305,196,211,579,616
f305_d1.jpg,305,0,244,168,422
f306_d0.jpg,306,211,212,597,617
f306_d1.jpg,306,0,245,186,422
f307_d0.jpg,307,209,223,624,617
f307_d1.jpg,307,5,241,217,423
f308_d0.jpg,308,227,225,640,617
f308_d1.jpg,308,8,241,236,422
f309_d0.jpg,309,234,240,670,618
f309_d1.jpg,309,15,234,267,422
f309_d2.jpg,309,2,235,268,637
f309_d3.jpg,309,2,338,43,639
f310_d0.jpg,310,248,240,689,621
f310_d1.jpg,310,0,326,60,637
f310_d2.jpg,310,34,234,286,421
f310_d3.jpg,310,6,235,288,635
f311_d0.jpg,311,261,266,708,620
f311_d1.jpg,311,2,324,76,779
f311_d2.jpg,311,62,230,292,423
f312_d0.jpg,312,278,267,720,621
f312_d1.jpg,312,1,252,94,784
f312_d2.jpg,312,84,231,315,426
f313_d0.jpg,313,298,294,720,623
f313_d1.jpg,313,1,250,108,792
f313_d2.jpg,313,102,230,353,442
f314_d0.jpg,314,309,295,720,624
f314_d1.jpg,314,0,252,123,793
f314_d2.jpg,314,117,229,367,442
f315_d0.jpg,315,288,322,719,639
f315_d1.jpg,315,1,299,134,791
f315_d2.jpg,315,134,227,342,422
f316_d0.jpg,316,300,322,719,639
f316_d1.jpg,316,1,197,145,790
f316_d2.jpg,316,144,227,354,420
f317_d0.jpg,317,158,223,719,658
f317_d1.jpg,317,0,195,150,790
f318_d0.jpg,318,171,222,720,656
f318_d1.jpg,318,0,158,159,790
f319_d0.jpg,319,179,220,716,632
f319_d1.jpg,319,0,173,156,786
f319_d2.jpg,319,0,150,108,296
f319_d3.jpg,319,0,149,58,266
f320_d0.jpg,320,187,219,720,631
f320_d1.jpg,320,0,231,166,784
f320_d2.jpg,320,0,148,65,263
f320_d3.jpg,320,0,148,115,297
f321_d0.jpg,321,209,213,688,613
f321_d1.jpg,321,1,310,158,783
f321_d2.jpg,321,0,148,73,261
f321_d3.jpg,321,0,149,123,314
f322_d0.jpg,322,217,212,696,619
f322_d1.jpg,322,0,310,164,779
f322_d2.jpg,322,0,147,81,259
f322_d3.jpg,322,0,147,130,299
f323_d0.jpg,323,234,210,688,610
f323_d1.jpg,323,1,311,168,767
f323_d2.jpg,323,0,145,86,261
f323_d3.jpg,323,0,145,136,295
f324_d0.jpg,324,239,210,692,605
f324_d1.jpg,324,0,306,171,766
f324_d2.jpg,324,6,146,93,261
f324_d3.jpg,324,3,145,143,295
f325_d0.jpg,325,209,209,681,623
f325_d1.jpg,325,0,310,173,756
f325_d2.jpg,325,6,143,147,291
f325_d3.jpg,325,11,144,98,259
f326_d0.jpg,326,0,310,179,757
f326_d1.jpg,326,216,208,686,620
f326_d2.jpg,326,7,142,150,291
f326_d3.jpg,326,13,142,102,257
f327_d0.jpg,327,0,308,185,758
f327_d1.jpg,327,198,205,643,592
f327_d2.jpg,327,18,141,103,257
f327_d3.jpg,327,7,141,152,289
f328_d0.jpg,328,0,306,187,757
f328_d1.jpg,328,206,204,649,591
f328_d2.jpg,328,19,141,106,254
f328_d3.jpg,328,12,142,155,288
f329_d0.jpg,329,0,301,189,757
f329_d1.jpg,329,22,140,108,253
f329_d2.jpg,329,15,141,156,288
f329_d3.jpg,329,200,272,598,590
f329_d4.jpg,329,197,199,527,584
f329_d5.jpg,329,203,197,483,483
f330_d0.jpg,330,0,299,190,757
f330_d1.jpg,330,22,139,109,253
f330_d2.jpg,330,198,196,599,588
f330_d3.jpg,330,11,139,157,287
f331_d0.jpg,331,1,299,191,758
f331_d1.jpg,331,24,138,112,253
f331_d2.jpg,331,204,329,566,588
f331_d3.jpg,331,286,193,554,458
f331_d4.jpg,331,4,137,159,289
f332_d0.jpg,332,1,296,192,759
f332_d1.jpg,332,206,335,567,587
f332_d2.jpg,332,25,136,113,252
f332_d3.jpg,332,287,193,549,460
f332_d4.jpg,332,4,135,161,288
f333_d0.jpg,333,1,268,194,759
f333_d1.jpg,333,203,196,549,583
f333_d2.jpg,333,26,133,113,251
f334_d0.jpg,334,204,196,550,582
f334_d1.jpg,334,1,259,194,758
f334_d2.jpg,334,28,132,114,249
f335_d0.jpg,335,198,197,547,581
f335_d1.jpg,335,1,235,199,756
f335_d2.jpg,335,29,131,115,248
f336_d0.jpg,336,198,197,547,580
f336_d1.jpg,336,0,232,198,756
f336_d2.jpg,336,29,130,115,246
f337_d0.jpg,337,0,225,201,755
f337_d1.jpg,337,185,183,551,577
f337_d2.jpg,337,29,131,114,246
f338_d0.jpg,338,0,229,203,753
f338_d1.jpg,338,187,183,552,576
f338_d2.jpg,338,28,130,114,245
f339_d0.jpg,339,0,216,213,752
f339_d1.jpg,339,177,155,551,575
f339_d2.jpg,339,28,131,114,245
f340_d0.jpg,340,0,213,213,751
f340_d1.jpg,340,177,155,550,575
f340_d2.jpg,340,27,130,113,245
f341_d0.jpg,341,177,153,545,571
f341_d1.jpg,341,0,233,237,747
f341_d2.jpg,341,26,130,112,245
f342_d0.jpg,342,0,233,235,746
f342_d1.jpg,342,175,153,540,570
f342_d2.jpg,342,25,131,111,243
f343_d0.jpg,343,0,255,252,741
f343_d1.jpg,343,176,181,548,567
f343_d2.jpg,343,22,128,112,244
f343_d3.jpg,343,21,129,158,275
f344_d0.jpg,344,1,259,262,742
f344_d1.jpg,344,177,189,538,566
f344_d2.jpg,344,21,126,111,239
f345_d0.jpg,345,0,224,264,738
f345_d1.jpg,345,177,189,544,559
f345_d2.jpg,345,21,125,108,238
f346_d0.jpg,346,1,236,259,740
f346_d1.jpg,346,20,124,106,261
f346_d2.jpg,346,222,192,461,561
f347_d0.jpg,347,0,230,258,739
f347_d1.jpg,347,19,122,106,258
f347_d2.jpg,347,220,194,475,555
f348_d0.jpg,348,2,183,257,738
f348_d1.jpg,348,17,122,105,242
f349_d0.jpg,349,1,184,297,739
f349_d1.jpg,349,12,121,105,261
f350_d0.jpg,350,3,169,265,740
f350_d1.jpg,350,14,120,103,240
f350_d2.jpg,350,273,190,580,555
f351_d0.jpg,351,0,168,264,742
f351_d1.jpg,351,12,120,101,241
f351_d2.jpg,351,236,192,580,544
f351_d3.jpg,351,0,184,584,739
f352_d0.jpg,352,2,160,285,740
f352_d1.jpg,352,13,120,101,238
f352_d2.jpg,352,283,196,590,393
f352_d3.jpg,352,281,194,589,541
f353_d0.jpg,353,4,160,292,739
f353_d1.jpg,353,12,119,100,238
f353_d2.jpg,353,259,194,589,535
f353_d3.jpg,353,275,196,589,412
f354_d0.jpg,354,12,118,100,237
f354_d1.jpg,354,30,143,309,739
f354_d2.jpg,354,26,169,579,739
f354_d3.jpg,354,296,203,591,534
f354_d4.jpg,354,299,201,591,402
f355_d0.jpg,355,36,141,311,738
f355_d1.jpg,355,12,118,99,236
f355_d2.jpg,355,286,202,591,534
f356_d0.jpg,356,42,136,589,739
f356_d1.jpg,356,11,117,98,236
f357_d0.jpg,357,85,137,588,741
f357_d1.jpg,357,9,118,97,236
f357_d2.jpg,357,87,138,360,740
f358_d0.jpg,358,117,127,585,737
f358_d1.jpg,358,7,117,96,235
f359_d0.jpg,359,128,129,579,735
f359_d1.jpg,359,6,118,94,235
f360_d0.jpg,360,150,117,579,734
f360_d1.jpg,360,4,118,92,236
f361_d0.jpg,361,149,117,577,734
f361_d1.jpg,361,2,120,89,237
f362_d0.jpg,362,149,121,572,735
f362_d1.jpg,362,1,120,86,237
f363_d0.jpg,363,147,124,570,735
f363_d1.jpg,363,0,120,85,238
f364_d0.jpg,364,144,117,562,735
f364_d1.jpg,364,0,123,83,238
f365_d0.jpg,365,141,119,558,736
f365_d1.jpg,365,0,123,81,237
f366_d0.jpg,366,106,123,550,733
f366_d1.jpg,366,0,124,77,237
f367_d0.jpg,367,107,124,543,734
f367_d1.jpg,367,0,125,75,237
f368_d0.jpg,368,86,121,534,735
f368_d1.jpg,368,0,126,72,237
f369_d0.jpg,369,92,121,529,729
f369_d1.jpg,369,0,125,70,238
f370_d0.jpg,370,188,126,533,739
f370_d1.jpg,370,0,125,68,238
f370_d2.jpg,370,78,210,327,482
f370_d3.jpg,370,74,200,423,736
f371_d0.jpg,371,223,122,516,741
f371_d1.jpg,371,68,209,326,483
f371_d2.jpg,371,0,126,65,238
f372_d0.jpg,372,254,121,528,730
f372_d1.jpg,372,0,124,62,241
f372_d2.jpg,372,67,192,344,516
f372_d3.jpg,372,67,190,419,719
f372_d4.jpg,372,72,132,512,737
f373_d0.jpg,373,288,123,531,760
f373_d1.jpg,373,68,186,347,544
f373_d2.jpg,373,0,125,61,242
f373_d3.jpg,373,69,187,376,715
f374_d0.jpg,374,310,125,538,772
f374_d1.jpg,374,0,125,59,244
f374_d2.jpg,374,94,172,377,573
f374_d3.jpg,374,77,166,513,761
f375_d0.jpg,375,304,125,536,772
f375_d1.jpg,375,0,126,58,244
f375_d2.jpg,375,93,172,371,475
f376_d0.jpg,376,324,133,584,780
f376_d1.jpg,376,102,173,413,714
f377_d0.jpg,377,289,133,592,787
f377_d1.jpg,377,104,171,395,543
f377_d2.jpg,377,103,172,410,729
f378_d0.jpg,378,306,135,638,794
f378_d1.jpg,378,155,172,393,565
f379_d0.jpg,379,302,138,637,796
f379_d1.jpg,379,148,173,384,494
f380_d0.jpg,380,310,149,645,805
f380_d1.jpg,380,144,175,421,571
f380_d2.jpg,380,143,175,377,469
f381_d0.jpg,381,318,150,645,807
f381_d1.jpg,381,142,176,416,565
f381_d2.jpg,381,143,176,375,432
f382_d0.jpg,382,331,144,661,810
f382_d1.jpg,382,145,177,410,433
f383_d0.jpg,383,355,149,660,810
f383_d1.jpg,383,146,176,409,504
f384_d0.jpg,384,382,147,696,812
f384_d1.jpg,384,149,176,418,521
f385_d0.jpg,385,416,148,697,811
f385_d1.jpg,385,147,176,418,514
f385_d2.jpg,385,122,175,515,535
f386_d0.jpg,386,527,150,719,811
f386_d1.jpg,386,145,176,518,531
f387_d0.jpg,387,513,149,720,813
f387_d1.jpg,387,141,180,529,533
f388_d0.jpg,388,539,152,720,812
f388_d1.jpg,388,0,118,51,411
f388_d2.jpg,388,132,186,540,531
f389_d0.jpg,389,545,151,720,814
f389_d1.jpg,389,0,120,51,413
f389_d2.jpg,389,111,187,537,530
f390_d0.jpg,390,544,243,720,814
f390_d1.jpg,390,2,115,76,469
f390_d2.jpg,390,156,201,536,528
f390_d3.jpg,390,163,194,380,465
f391_d0.jpg,391,544,211,720,816
f391_d1.jpg,391,151,196,535,531
f391_d2.jpg,391,2,116,77,469
f392_d0.jpg,392,0,117,114,715
f392_d1.jpg,392,129,201,535,527
f393_d0.jpg,393,0,116,114,715
f393_d1.jpg,393,548,283,720,819
f393_d2.jpg,393,161,205,535,528
f393_d3.jpg,393,161,203,373,502
f394_d0.jpg,394,0,122,158,732
f394_d1.jpg,394,557,470,719,815
f394_d2.jpg,394,176,205,370,502
f394_d3.jpg,394,101,204,538,521
f394_d4.jpg,394,100,203,374,512
f395_d0.jpg,395,0,122,158,731
f395_d1.jpg,395,557,470,719,815
f395_d2.jpg,395,97,204,538,525
f395_d3.jpg,395,166,202,373,500
f396_d0.jpg,396,0,130,198,747
f396_d1.jpg,396,178,196,546,524
f396_d2.jpg,396,593,662,718,814
f396_d3.jpg,396,177,196,376,506
f397_d0.jpg,397,178,195,545,524
f397_d1.jpg,397,0,130,196,747
f397_d2.jpg,397,593,660,718,813
f398_d0.jpg,398,0,132,234,749
f398_d1.jpg,398,180,190,550,520
f399_d0.jpg,399,0,132,231,749
f399_d1.jpg,399,179,190,550,520
f400_d0.jpg,400,1,124,238,749
f400_d1.jpg,400,190,183,551,520
f401_d0.jpg,401,1,124,235,749
f401_d1.jpg,401,186,183,550,524
f402_d0.jpg,402,223,180,551,524
f402_d1.jpg,402,47,120,319,750
f403_d0.jpg,403,215,180,549,524
f403_d1.jpg,403,45,120,323,750
f404_d0.jpg,404,240,177,547,524
f404_d1.jpg,404,83,117,351,747
f405_d0.jpg,405,233,176,544,524
f405_d1.jpg,405,82,117,338,748
f406_d0.jpg,406,79,121,377,749
f407_d0.jpg,407,75,123,368,750
f407_d1.jpg,407,77,122,540,754
f408_d0.jpg,408,78,131,487,749
f409_d0.jpg,409,75,134,477,750
f410_d0.jpg,410,80,134,524,751
f411_d0.jpg,411,78,134,521,751
f412_d0.jpg,412,92,132,518,752
f413_d0.jpg,413,90,133,516,753
f414_d0.jpg,414,138,123,503,751
f415_d0.jpg,415,132,126,504,752
f416_d0.jpg,416,250,127,509,750
f416_d1.jpg,416,127,178,398,503
f417_d0.jpg,417,249,127,508,750
f417_d1.jpg,417,126,175,392,503
f418_d0.jpg,418,316,126,532,775
f418_d1.jpg,418,157,167,393,501
f419_d0.jpg,419,315,127,531,776
f419_d1.jpg,419,153,168,391,494
f420_d0.jpg,420,321,134,569,782
f420_d1.jpg,420,173,166,393,542
f421_d0.jpg,421,320,130,568,783
f421_d1.jpg,421,173,166,392,543
f422_d0.jpg,422,322,140,659,771
f422_d1.jpg,422,145,177,393,500
f423_d0.jpg,423,320,140,658,771
f423_d1.jpg,423,141,177,391,500
f424_d0.jpg,424,330,149,676,762
f424_d1.jpg,424,158,188,397,529
f425_d0.jpg,425,329,149,677,763
f425_d1.jpg,425,162,188,397,529
f426_d0.jpg,426,371,149,682,765
f426_d1.jpg,426,97,201,406,531
f426_d2.jpg,426,170,203,501,544
f427_d0.jpg,427,370,151,683,766
f427_d1.jpg,427,95,201,406,530
f427_d2.jpg,427,162,201,500,540
f428_d0.jpg,428,460,150,720,767
f428_d1.jpg,428,68,206,558,584
f429_d0.jpg,429,459,150,719,768
f429_d1.jpg,429,67,207,557,584
f430_d0.jpg,430,542,144,720,767
f430_d1.jpg,430,95,194,567,581
f431_d0.jpg,431,542,145,720,767
f431_d1.jpg,431,92,193,567,581
f432_d0.jpg,432,128,173,570,575
f432_d1.jpg,432,570,153,720,767
f433_d0.jpg,433,126,175,572,559
f433_d1.jpg,433,572,148,720,768
f434_d0.jpg,434,125,161,573,555
f434_d1.jpg,434,572,164,720,767
f435_d0.jpg,435,123,161,574,554
f435_d1.jpg,435,574,226,720,766
f436_d0.jpg,436,122,153,576,557
f436_d1.jpg,436,574,235,720,767
f437_d0.jpg,437,122,153,575,555
f437_d1.jpg,437,577,241,720,766
f438_d0.jpg,438,111,150,573,557
f438_d1.jpg,438,573,249,718,767
f439_d0.jpg,439,111,150,572,557
f439_d1.jpg,439,591,255,719,767
f440_d0.jpg,440,92,153,572,558
f440_d1.jpg,440,588,265,720,769
f441_d0.jpg,441,93,154,569,559
f441_d1.jpg,441,632,620,719,760
f441_d2.jpg,441,159,258,569,560
f442_d0.jpg,442,72,164,569,556
f443_d0.jpg,443,73,165,568,556
f444_d0.jpg,444,53,187,565,553
f445_d0.jpg,445,56,189,564,555
f446_d0.jpg,446,56,210,554,559
f447_d0.jpg,447,55,211,556,558
f448_d0.jpg,448,51,223,547,565
f448_d1.jpg,448,175,240,545,558
f448_d2.jpg,448,49,222,308,564
f449_d0.jpg,449,50,224,547,564
f449_d1.jpg,449,49,223,319,564
f449_d2.jpg,449,177,241,545,557
f450_d0.jpg,450,49,229,535,566
f451_d0.jpg,451,48,229,535,566
f452_d0.jpg,452,51,233,530,565
f452_d1.jpg,452,51,229,258,554
f453_d0.jpg,453,49,233,530,565
f453_d1.jpg,453,51,229,257,554
f454_d0.jpg,454,65,230,528,567
f454_d1.jpg,454,56,226,255,552
f455_d0.jpg,455,56,227,255,552
f455_d1.jpg,455,139,232,527,567
f456_d0.jpg,456,57,217,330,543
f456_d1.jpg,456,187,228,527,567
f457_d0.jpg,457,190,234,526,567
f457_d1.jpg,457,56,218,335,544
f458_d0.jpg,458,64,208,361,546
f458_d1.jpg,458,232,329,531,567
f459_d0.jpg,459,63,208,359,546
f459_d1.jpg,459,232,329,531,567
f460_d0.jpg,460,80,202,362,545
f460_d1.jpg,460,253,335,535,567
f460_d2.jpg,460,246,211,535,567
f461_d0.jpg,461,79,203,361,545
f461_d1.jpg,461,252,338,534,567
f462_d0.jpg,462,111,203,368,546
f462_d1.jpg,462,255,340,535,567
f462_d2.jpg,462,258,247,536,564
f463_d0.jpg,463,110,203,368,546
f463_d1.jpg,463,254,342,534,567
f463_d2.jpg,463,257,251,535,565
f464_d0.jpg,464,138,208,533,561
f464_d1.jpg,464,137,210,387,552
f465_d0.jpg,465,136,208,532,561
f465_d1.jpg,465,136,208,380,549
f466_d0.jpg,466,136,213,391,551
f466_d1.jpg,466,139,210,528,559
f466_d2.jpg,466,249,249,529,560
f467_d0.jpg,467,130,213,391,549
f467_d1.jpg,467,131,210,526,558
f467_d2.jpg,467,248,268,527,559
f468_d0.jpg,468,115,219,403,552
f468_d1.jpg,468,117,218,521,554
f469_d0.jpg,469,114,218,392,548
f469_d1.jpg,469,113,219,514,551
f470_d0.jpg,470,100,227,512,563
f471_d0.jpg,471,98,227,508,562
f472_d0.jpg,472,82,239,503,565
f473_d0.jpg,473,80,240,501,566
f474_d0.jpg,474,65,244,498,565
f475_d0.jpg,475,62,242,493,565
f476_d0.jpg,476,52,243,493,566
f477_d0.jpg,477,51,243,491,567
f478_d0.jpg,478,45,244,489,567
f479_d0.jpg,479,40,250,486,567
f480_d0.jpg,480,208,298,488,559
f480_d1.jpg,480,39,246,488,563
f481_d0.jpg,481,36,246,486,563
f481_d1.jpg,481,207,299,486,559
f482_d0.jpg,482,216,292,488,557
f482_d1.jpg,482,35,245,480,559
f483_d0.jpg,483,219,295,487,555
f483_d1.jpg,483,34,245,477,555
f485_d0.jpg,485,215,291,488,558
f490_d0.jpg,490,223,260,475,555
f491_d0.jpg,491,225,269,474,555
f492_d0.jpg,492,241,263,472,545
f495_d0.jpg,495,23,248,475,541
f496_d0.jpg,496,22,249,474,537
f497_d0.jpg,497,19,245,478,542
f498_d0.jpg,498,248,243,475,538
f499_d0.jpg,499,244,239,474,543
f499_d1.jpg,499,20,262,303,425
f500_d0.jpg,500,244,240,473,542
f500_d1.jpg,500,19,261,302,424
f501_d0.jpg,501,242,231,474,550
f501_d1.jpg,501,34,234,475,551
f502_d0.jpg,502,243,231,473,550
f503_d0.jpg,503,242,230,472,550
f503_d1.jpg,503,37,271,265,430
f504_d0.jpg,504,242,229,471,551
f504_d1.jpg,504,36,271,266,431
f505_d0.jpg,505,240,228,473,551
f505_d1.jpg,505,42,272,267,431
f506_d0.jpg,506,239,228,473,552
f506_d1.jpg,506,41,272,267,432
f507_d0.jpg,507,236,231,478,554
f507_d1.jpg,507,42,232,478,556
f508_d0.jpg,508,235,231,479,554
f508_d1.jpg,508,42,232,480,557
f509_d0.jpg,509,40,234,491,559
f509_d1.jpg,509,232,235,491,555
f510_d0.jpg,510,40,235,489,558
f510_d1.jpg,510,217,235,490,556
f511_d0.jpg,511,228,231,498,555
f512_d0.jpg,512,234,231,497,554
f512_d1.jpg,512,47,270,275,435
f513_d0.jpg,513,229,232,505,556
f513_d1.jpg,513,112,229,502,553
f513_d2.jpg,513,39,267,278,434
f514_d0.jpg,514,229,231,505,555
f514_d1.jpg,514,41,268,277,434
f515_d0.jpg,515,39,233,502,560
f516_d0.jpg,516,39,233,503,559
f517_d0.jpg,517,40,237,499,566
f518_d0.jpg,518,48,238,497,565
f519_d0.jpg,519,40,242,494,562
f520_d0.jpg,520,40,242,494,562
f521_d0.jpg,521,39,238,495,561
f522_d0.jpg,522,39,237,494,560
f523_d0.jpg,523,237,229,501,555
f523_d1.jpg,523,42,264,335,425
f523_d2.jpg,523,62,231,502,557
f524_d0.jpg,524,50,230,501,555
f525_d0.jpg,525,53,211,511,557
f525_d1.jpg,525,206,213,511,558
f526_d0.jpg,526,51,211,511,559
f526_d1.jpg,526,201,212,511,558
f527_d0.jpg,527,59,194,506,554
f527_d1.jpg,527,227,195,509,556
f528_d0.jpg,528,63,193,505,553
f529_d0.jpg,529,55,184,501,556
f530_d0.jpg,530,54,183,501,554
f531_d0.jpg,531,53,174,485,556
f532_d0.jpg,532,52,174,485,556
f533_d0.jpg,533,243,160,465,554
f534_d0.jpg,534,240,160,470,554
f535_d0.jpg,535,126,138,482,553
f536_d0.jpg,536,125,137,491,552
f537_d0.jpg,537,173,126,485,551
f538_d0.jpg,538,174,119,489,552
f539_d0.jpg,539,170,142,490,566
f539_d1.jpg,539,48,140,483,570
f540_d0.jpg,540,170,142,488,566
f541_d0.jpg,541,141,152,486,578
f542_d0.jpg,542,169,151,480,576
f543_d0.jpg,543,166,150,467,579
f544_d0.jpg,544,168,152,466,578
f545_d0.jpg,545,132,151,453,575
f546_d0.jpg,546,131,151,453,575
f547_d0.jpg,547,149,156,440,569
f548_d0.jpg,548,150,156,440,569
f549_d0.jpg,549,162,152,425,566
f550_d0.jpg,550,159,152,425,566
f551_d0.jpg,551,146,155,401,559
f552_d0.jpg,552,148,156,399,560
f553_d0.jpg,553,147,166,394,563
f554_d0.jpg,554,147,166,393,563
f555_d0.jpg,555,148,173,403,564
f556_d0.jpg,556,148,173,403,564
f557_d0.jpg,557,149,183,409,562
f558_d0.jpg,558,149,184,409,562
f559_d0.jpg,559,146,189,412,550
f560_d0.jpg,560,146,189,413,551
f561_d0.jpg,561,147,192,409,514
f562_d0.jpg,562,150,193,410,511
f563_d0.jpg,563,143,199,491,552
f564_d0.jpg,564,143,198,491,552
f565_d0.jpg,565,144,206,440,547
f566_d0.jpg,566,144,206,440,547
f567_d0.jpg,567,143,208,455,545
f568_d0.jpg,568,145,208,455,545
f569_d0.jpg,569,137,198,413,497
f570_d0.jpg,570,136,198,413,515
f571_d0.jpg,571,132,190,447,535
f572_d0.jpg,572,131,191,448,535
f573_d0.jpg,573,130,187,410,533
f574_d0.jpg,574,130,188,408,533
f575_d0.jpg,575,131,189,417,532
f576_d0.jpg,576,129,189,429,535
f577_d0.jpg,577,237,193,414,535
f577_d1.jpg,577,130,194,413,527
f577_d2.jpg,577,268,193,416,419
f578_d0.jpg,578,127,196,413,525
f578_d1.jpg,578,232,194,414,535
f578_d2.jpg,578,267,194,415,421
f579_d0.jpg,579,125,195,413,526
f580_d0.jpg,580,125,196,415,455
f581_d0.jpg,581,133,189,416,480
f581_d1.jpg,581,231,191,422,511
f582_d0.jpg,582,144,190,416,484
f582_d1.jpg,582,245,192,420,513
f583_d0.jpg,583,140,174,426,474
f584_d0.jpg,584,146,177,425,492
f585_d0.jpg,585,157,165,429,518
f586_d0.jpg,586,162,165,427,516
f587_d0.jpg,587,226,156,422,525
f587_d1.jpg,587,141,156,422,523
f588_d0.jpg,588,226,154,420,527
f588_d1.jpg,588,136,156,422,526
f589_d0.jpg,589,263,149,429,532
f590_d0.jpg,590,263,149,429,533
f591_d0.jpg,591,271,146,431,544
f591_d1.jpg,591,125,284,293,455
f592_d0.jpg,592,279,144,433,544
f593_d0.jpg,593,280,144,434,544
f594_d0.jpg,594,284,130,436,545
f595_d0.jpg,595,283,132,437,545
f596_d0.jpg,596,282,126,438,545
f596_d1.jpg,596,126,126,437,545
f597_d0.jpg,597,281,126,439,546
f597_d1.jpg,597,129,126,438,546
f598_d0.jpg,598,238,126,438,545
f598_d1.jpg,598,142,126,439,546
f599_d0.jpg,599,219,126,439,546
f600_d0.jpg,600,296,127,441,547
f601_d0.jpg,601,296,128,443,548
f601_d1.jpg,601,218,130,440,547
f602_d0.jpg,602,300,128,444,547
f603_d0.jpg,603,302,129,445,548
f604_d0.jpg,604,302,130,446,549
f604_d1.jpg,604,208,131,445,549
f605_d0.jpg,605,302,130,448,550
f606_d0.jpg,606,304,137,449,552
f607_d0.jpg,607,304,140,451,552
f608_d0.jpg,608,225,167,451,554
f608_d1.jpg,608,145,273,316,460
f609_d0.jpg,609,231,163,454,554
f610_d0.jpg,610,244,172,459,554
f610_d1.jpg,610,147,270,317,463
f611_d0.jpg,611,234,172,460,557
f611_d1.jpg,611,148,270,318,464
f612_d0.jpg,612,235,174,462,558
f612_d1.jpg,612,151,272,318,468
f613_d0.jpg,613,151,268,318,466
f613_d1.jpg,613,232,174,460,559
f614_d0.jpg,614,154,268,318,467
f614_d1.jpg,614,259,180,467,558
f615_d0.jpg,615,156,268,317,469
f615_d1.jpg,615,243,183,470,559
f616_d0.jpg,616,242,192,469,563
f616_d1.jpg,616,155,269,316,468
f617_d0.jpg,617,240,194,469,565
f617_d1.jpg,617,156,267,317,469
f618_d0.jpg,618,240,203,471,565
f618_d1.jpg,618,158,269,316,469
f619_d0.jpg,619,242,206,474,564
f619_d1.jpg,619,160,270,321,469
f620_d0.jpg,620,241,219,476,565
f620_d1.jpg,620,161,272,328,473
f621_d0.jpg,621,244,227,486,565
f622_d0.jpg,622,248,229,489,564
f622_d1.jpg,622,165,278,334,474
f623_d0.jpg,623,238,233,490,567
f624_d0.jpg,624,181,242,488,565
f625_d0.jpg,625,244,248,490,568
f626_d0.jpg,626,250,252,485,568
f627_d0.jpg,627,252,252,485,569
f628_d0.jpg,628,241,257,482,571
f629_d0.jpg,629,242,256,484,570
f630_d0.jpg,630,231,255,486,571
f631_d0.jpg,631,205,251,487,573
f632_d0.jpg,632,213,251,489,574
f633_d0.jpg,633,211,252,490,570
f633_d1.jpg,633,305,253,490,541
f634_d0.jpg,634,316,250,493,538
f634_d1.jpg,634,199,253,490,573
f635_d0.jpg,635,314,250,495,538
f635_d1.jpg,635,202,253,492,574
f636_d0.jpg,636,205,252,494,576
f636_d1.jpg,636,307,251,496,546
f637_d0.jpg,637,202,252,494,575
f637_d1.jpg,637,313,253,494,562
f638_d0.jpg,638,203,252,495,577
f639_d0.jpg,639,203,250,492,578
f640_d0.jpg,640,307,251,491,565
f640_d1.jpg,640,217,253,493,576
f641_d0.jpg,641,209,249,489,581
f642_d0.jpg,642,205,249,487,582
f643_d0.jpg,643,205,248,483,577
f644_d0.jpg,644,201,243,470,586
f645_d0.jpg,645,201,243,501,587
f646_d0.jpg,646,201,240,514,586
f647_d0.jpg,647,198,241,512,584
f648_d0.jpg,648,196,235,514,582
f649_d0.jpg,649,197,230,514,577
f650_d0.jpg,650,197,226,517,577
f651_d0.jpg,651,203,221,523,576
f652_d0.jpg,652,207,219,539,577
f653_d0.jpg,653,200,221,528,577
f654_d0.jpg,654,195,221,537,577
f655_d0.jpg,655,195,222,537,576
f656_d0.jpg,656,204,221,538,583
f657_d0.jpg,657,229,219,524,591
f658_d0.jpg,658,190,220,521,592
f659_d0.jpg,659,191,220,519,593
f660_d0.jpg,660,172,220,536,594
f661_d0.jpg,661,165,219,535,594
f662_d0.jpg,662,137,219,537,595
f663_d0.jpg,663,318,218,536,595
f663_d1.jpg,663,136,319,453,570
f663_d2.jpg,663,176,219,537,594
f664_d0.jpg,664,315,220,536,596
f664_d1.jpg,664,152,285,439,567
f664_d2.jpg,664,183,219,536,595
f665_d0.jpg,665,310,219,534,594
f665_d1.jpg,665,119,312,436,573
f665_d2.jpg,665,135,217,534,594
f666_d0.jpg,666,107,219,533,596
f666_d1.jpg,666,169,291,365,486
f667_d0.jpg,667,305,218,530,595
f667_d1.jpg,667,166,291,358,487
f667_d2.jpg,667,111,330,435,574
f667_d3.jpg,667,141,216,531,594
f668_d0.jpg,668,312,217,524,599
f668_d1.jpg,668,104,320,430,572
f668_d2.jpg,668,160,304,358,487
f669_d0.jpg,669,317,218,513,600
f669_d1.jpg,669,163,290,357,488
f669_d2.jpg,669,121,307,440,574
f670_d0.jpg,670,317,216,513,600
f670_d1.jpg,670,147,291,357,487
f670_d2.jpg,670,128,309,434,572
f671_d0.jpg,671,335,213,514,601
f671_d1.jpg,671,136,321,442,570
f671_d2.jpg,671,145,314,360,484
f672_d0.jpg,672,337,212,515,600
f672_d1.jpg,672,136,309,441,567
f673_d0.jpg,673,347,213,514,599
f673_d1.jpg,673,138,314,444,566
f674_d0.jpg,674,344,212,514,596
f674_d1.jpg,674,136,317,444,566
f675_d0.jpg,675,331,213,513,593
f675_d1.jpg,675,137,322,438,568
f676_d0.jpg,676,336,212,514,592
f676_d1.jpg,676,138,322,439,563
f677_d0.jpg,677,340,213,510,584
f677_d1.jpg,677,136,324,430,563
f678_d0.jpg,678,332,214,515,581
f678_d1.jpg,678,134,325,433,565
f679_d0.jpg,679,142,213,517,582
f679_d1.jpg,679,134,322,423,564
f680_d0.jpg,680,129,322,428,562
f680_d1.jpg,680,331,216,538,582
f681_d0.jpg,681,340,219,534,583
f681_d1.jpg,681,132,321,427,561
f682_d0.jpg,682,338,218,540,581
f682_d1.jpg,682,116,320,428,561
f683_d0.jpg,683,135,219,540,580
f683_d1.jpg,683,119,316,435,563
f683_d2.jpg,683,361,220,541,580
f684_d0.jpg,684,141,219,544,579
f684_d1.jpg,684,116,315,324,553
f684_d2.jpg,684,123,314,444,561
f684_d3.jpg,684,346,218,545,581
f685_d0.jpg,685,341,217,551,582
f685_d1.jpg,685,114,312,435,560
f686_d0.jpg,686,337,215,553,582
f686_d1.jpg,686,111,306,421,560
f687_d0.jpg,687,339,212,557,581
f687_d1.jpg,687,107,304,424,556
f688_d0.jpg,688,348,212,566,581
f688_d1.jpg,688,106,301,426,551
f689_d0.jpg,689,348,210,568,581
f689_d1.jpg,689,108,298,472,540
f690_d0.jpg,690,366,211,574,580
f690_d1.jpg,690,116,298,476,539
f691_d0.jpg,691,364,210,575,581
f691_d1.jpg,691,141,299,454,536
f692_d0.jpg,692,367,211,579,581
f692_d1.jpg,692,136,297,445,538
f693_d0.jpg,693,357,212,580,579
f693_d1.jpg,693,140,297,454,532
f694_d0.jpg,694,372,216,582,579
f694_d1.jpg,694,141,293,475,526
f695_d0.jpg,695,341,227,581,578
f695_d1.jpg,695,143,292,460,526
f696_d0.jpg,696,164,231,583,578
f697_d0.jpg,697,322,235,590,578
f697_d1.jpg,697,99,288,313,516
f698_d0.jpg,698,318,236,591,599
f698_d1.jpg,698,100,287,311,467
f699_d0.jpg,699,311,247,601,599
f699_d1.jpg,699,96,288,318,477
f700_d0.jpg,700,372,246,589,606
f701_d0.jpg,701,374,250,586,608
f701_d1.jpg,701,97,296,411,541
f702_d0.jpg,702,374,251,585,610
f702_d1.jpg,702,204,307,527,607
f702_d2.jpg,702,98,304,488,533
f703_d0.jpg,703,371,254,588,608
f703_d1.jpg,703,225,396,519,606
f703_d2.jpg,703,113,306,399,475
f703_d3.jpg,703,115,306,312,474
f704_d0.jpg,704,102,307,452,475
f704_d1.jpg,704,219,251,584,609
f704_d2.jpg,704,364,253,584,609
f704_d3.jpg,704,219,373,584,605
f705_d0.jpg,705,102,311,457,475
f705_d1.jpg,705,368,249,577,607
f705_d2.jpg,705,234,392,514,604
f705_d3.jpg,705,236,251,576,606
f705_d4.jpg,705,101,316,305,475
f706_d0.jpg,706,88,311,420,475
f706_d1.jpg,706,238,248,574,607
f706_d2.jpg,706,344,249,574,608
f707_d0.jpg,707,349,247,570,606
f707_d1.jpg,707,80,319,408,474
f708_d0.jpg,708,341,246,569,606
f708_d1.jpg,708,74,319,414,486
f709_d0.jpg,709,360,246,562,606
f709_d1.jpg,709,50,322,416,488
f710_d0.jpg,710,332,246,562,606
f710_d1.jpg,710,44,315,466,543
f711_d0.jpg,711,343,246,558,606
f711_d1.jpg,711,36,321,458,545
f712_d0.jpg,712,340,246,559,607
f712_d1.jpg,712,35,322,425,533
f713_d0.jpg,713,333,245,560,607
f713_d1.jpg,713,31,324,416,531
f714_d0.jpg,714,325,244,561,605
f714_d1.jpg,714,37,321,365,542
f715_d0.jpg,715,329,244,561,605
f715_d1.jpg,715,16,325,356,542
f716_d0.jpg,716,335,244,561,604
f716_d1.jpg,716,18,318,350,532
f717_d0.jpg,717,330,246,560,603
f717_d1.jpg,717,18,317,364,533
f718_d0.jpg,718,339,247,559,603
f718_d1.jpg,718,19,310,491,568
f718_d2.jpg,718,17,310,361,533
f719_d0.jpg,719,338,251,560,599
f719_d1.jpg,719,18,308,494,564
f719_d2.jpg,719,13,308,374,531
f720_d0.jpg,720,336,252,559,599
f720_d1.jpg,720,7,303,471,535
f721_d0.jpg,721,254,258,559,599
f721_d1.jpg,721,9,301,406,475
f722_d0.jpg,722,254,258,558,600
f722_d1.jpg,722,17,298,405,476
f723_d0.jpg,723,256,263,557,599
f723_d1.jpg,723,7,294,410,474
f724_d0.jpg,724,268,263,557,601
f724_d1.jpg,724,11,293,406,472
f725_d0.jpg,725,279,271,582,600
f725_d1.jpg,725,10,290,408,474
f726_d0.jpg,726,264,271,556,601
f726_d1.jpg,726,22,291,399,473
f727_d0.jpg,727,278,277,555,601
f727_d1.jpg,727,3,290,396,472
f728_d0.jpg,728,278,276,603,600
f728_d1.jpg,728,6,287,375,473
f729_d0.jpg,729,338,279,604,602
f729_d1.jpg,729,13,287,291,471
f730_d0.jpg,730,338,278,602,601
f730_d1.jpg,730,12,283,330,471
f731_d0.jpg,731,10,280,289,477
f731_d1.jpg,731,319,277,598,600
f732_d0.jpg,732,4,280,286,475
f732_d1.jpg,732,308,279,602,605
f733_d0.jpg,733,314,282,600,605
f733_d1.jpg,733,4,279,271,471
f734_d0.jpg,734,306,282,603,610
f734_d1.jpg,734,2,278,268,472
f735_d0.jpg,735,313,306,601,611
f735_d1.jpg,735,1,276,257,470
f736_d0.jpg,736,306,310,607,617
f736_d1.jpg,736,1,274,255,468
f737_d0.jpg,737,256,319,605,615
f737_d1.jpg,737,1,273,242,466
f737_d2.jpg,737,254,320,492,541
f738_d0.jpg,738,299,321,601,629
f740_d0.jpg,740,257,326,592,658
f740_d1.jpg,740,1,271,234,464
f741_d0.jpg,741,249,322,578,658
f741_d1.jpg,741,0,269,236,462
f742_d0.jpg,742,249,323,571,660
f742_d1.jpg,742,0,270,231,462
f743_d0.jpg,743,252,318,547,663
f743_d1.jpg,743,0,269,230,462
f744_d0.jpg,744,154,313,535,663
f744_d1.jpg,744,0,267,226,463
f745_d0.jpg,745,154,312,538,662
f745_d1.jpg,745,1,265,225,464
f746_d0.jpg,746,153,313,540,661
f747_d0.jpg,747,148,311,542,661
f747_d1.jpg,747,1,263,223,461
f748_d0.jpg,748,146,312,546,660
f748_d1.jpg,748,1,263,221,463
f749_d0.jpg,749,142,310,560,660
f749_d1.jpg,749,1,259,220,461
f750_d0.jpg,750,140,314,569,661
f750_d1.jpg,750,1,258,221,461
f751_d0.jpg,751,223,346,634,658
f752_d0.jpg,752,223,312,635,657
f753_d0.jpg,753,198,335,687,655
f753_d1.jpg,753,1,252,222,461
f754_d0.jpg,754,100,296,693,654
f755_d0.jpg,755,0,254,696,653
f755_d1.jpg,755,1,253,212,457
f756_d0.jpg,756,201,273,663,641
f757_d0.jpg,757,210,258,662,642
f757_d1.jpg,757,1,253,198,456
f758_d0.jpg,758,214,252,603,591
f758_d1.jpg,758,1,254,192,456
f759_d0.jpg,759,1,255,191,457
f759_d1.jpg,759,212,253,608,592
f760_d0.jpg,760,210,257,555,592
f760_d1.jpg,760,1,254,182,456
f761_d0.jpg,761,1,260,180,453
f762_d0.jpg,762,214,375,530,605
f762_d1.jpg,762,1,263,169,453
f762_d2.jpg,762,133,264,353,434
f763_d0.jpg,763,130,289,523,613
f763_d1.jpg,763,1,264,169,451
f764_d0.jpg,764,132,295,521,619
f764_d1.jpg,764,0,266,160,449
f765_d0.jpg,765,131,296,519,626
f765_d1.jpg,765,0,266,159,448
f766_d0.jpg,766,137,299,516,628
f766_d1.jpg,766,0,268,149,449
f767_d0.jpg,767,127,296,516,632
f767_d1.jpg,767,0,267,145,450
f768_d0.jpg,768,210,286,511,631
f768_d1.jpg,768,2,272,131,447
f769_d0.jpg,769,82,284,526,631
f769_d1.jpg,769,1,276,130,446
f770_d0.jpg,770,1,279,122,445
f770_d1.jpg,770,103,274,546,628
f771_d0.jpg,771,89,291,577,629
f771_d1.jpg,771,1,280,127,445
f772_d0.jpg,772,211,362,575,628
f772_d1.jpg,772,1,280,119,446
f773_d0.jpg,773,92,276,582,628
f773_d1.jpg,773,0,282,133,447
f774_d0.jpg,774,63,271,583,629
f775_d0.jpg,775,41,280,584,628
f775_d1.jpg,775,0,281,129,446
f776_d0.jpg,776,25,289,562,627
f777_d0.jpg,777,9,294,560,626
f778_d0.jpg,778,10,296,561,626
f779_d0.jpg,779,9,299,561,626
f780_d0.jpg,780,12,301,559,625
f781_d0.jpg,781,102,304,564,627
f781_d1.jpg,781,0,282,113,440
f782_d0.jpg,782,121,307,567,624
f782_d1.jpg,782,1,280,113,434
f783_d0.jpg,783,120,310,568,624
f783_d1.jpg,783,1,280,111,434
f784_d0.jpg,784,100,310,568,626
f784_d1.jpg,784,0,281,108,432
f785_d0.jpg,785,209,315,566,627
f786_d0.jpg,786,215,314,565,628
f787_d0.jpg,787,220,309,564,629
f788_d0.jpg,788,3,303,565,624
f788_d1.jpg,788,201,309,565,627
f789_d0.jpg,789,30,306,566,629
f790_d0.jpg,790,123,310,567,627
f791_d0.jpg,791,212,309,579,626
f792_d0.jpg,792,210,318,581,623
f792_d1.jpg,792,624,699,718,820
f793_d0.jpg,793,124,296,580,624
f794_d0.jpg,794,622,578,718,812
f794_d1.jpg,794,102,294,553,624
f795_d0.jpg,795,613,544,718,817
f795_d1.jpg,795,208,295,549,627
f796_d0.jpg,796,212,296,541,628
f796_d1.jpg,796,612,532,719,818
f797_d0.jpg,797,210,297,542,630
f797_d1.jpg,797,614,521,718,818
f797_d2.jpg,797,111,294,342,459
f798_d0.jpg,798,116,292,541,630
f798_d1.jpg,798,617,512,718,818
f799_d0.jpg,799,616,498,717,820
f799_d1.jpg,799,23,283,547,635
f799_d2.jpg,799,188,335,550,636
f800_d0.jpg,800,209,277,552,635
f800_d1.jpg,800,617,497,718,822
f801_d0.jpg,801,197,360,557,638
f801_d1.jpg,801,619,489,718,820
f801_d2.jpg,801,1,250,351,458
f802_d0.jpg,802,199,362,559,633
f802_d1.jpg,802,623,483,719,818
f802_d2.jpg,802,196,248,558,633
f802_d3.jpg,802,0,248,297,459
f803_d0.jpg,803,625,478,719,820
f803_d1.jpg,803,1,245,586,632
f803_d2.jpg,803,179,367,582,633
f804_d0.jpg,804,99,240,588,623
f804_d1.jpg,804,627,473,718,819
f804_d2.jpg,804,115,243,288,457
f805_d0.jpg,805,7,270,610,620
f805_d1.jpg,805,631,458,719,818
f806_d0.jpg,806,101,284,609,602
f806_d1.jpg,806,634,461,718,818
f807_d0.jpg,807,28,296,625,605
f807_d1.jpg,807,636,461,719,817
f808_d0.jpg,808,28,297,629,606
f808_d1.jpg,808,639,463,719,816
f809_d0.jpg,809,70,302,633,609
f809_d1.jpg,809,641,468,719,815
f810_d0.jpg,810,89,300,642,610
f810_d1.jpg,810,643,471,718,817
f811_d0.jpg,811,93,302,645,610
f811_d1.jpg,811,645,471,718,816
f812_d0.jpg,812,109,303,650,610
f812_d1.jpg,812,648,477,719,816
f813_d0.jpg,813,84,303,654,610
f813_d1.jpg,813,646,480,719,815
f814_d0.jpg,814,88,304,651,611
f814_d1.jpg,814,645,484,719,814
f815_d0.jpg,815,101,302,653,613
f816_d0.jpg,816,60,301,659,615
f816_d1.jpg,816,610,495,718,800
f817_d0.jpg,817,47,300,661,616
f817_d1.jpg,817,568,494,718,797
f818_d0.jpg,818,44,298,662,617
f818_d1.jpg,818,572,496,718,791
f819_d0.jpg,819,43,296,663,617
f819_d1.jpg,819,560,500,719,807
f820_d0.jpg,820,38,294,657,610
f820_d1.jpg,820,548,501,720,801
f821_d0.jpg,821,40,292,654,602
f821_d1.jpg,821,546,500,720,807
f822_d0.jpg,822,98,291,636,572
f822_d1.jpg,822,546,499,719,807
f823_d0.jpg,823,61,290,635,575
f823_d1.jpg,823,549,492,720,807
f824_d0.jpg,824,46,289,606,569
f824_d1.jpg,824,552,492,720,806
f825_d0.jpg,825,51,285,602,568
f825_d1.jpg,825,553,488,720,807
f826_d0.jpg,826,58,279,602,566
f826_d1.jpg,826,557,489,719,806
f827_d0.jpg,827,87,276,604,566
f827_d1.jpg,827,553,488,720,809
f828_d0.jpg,828,555,490,719,808
f828_d1.jpg,828,102,272,606,561
f828_d2.jpg,828,94,357,606,561
f829_d0.jpg,829,555,489,719,810
f829_d1.jpg,829,77,374,606,571
f829_d2.jpg,829,78,289,606,572
f830_d0.jpg,830,84,369,604,570
f830_d1.jpg,830,555,489,720,809
f830_d2.jpg,830,141,263,308,453
f831_d0.jpg,831,62,364,614,576
f831_d1.jpg,831,555,489,720,809
f831_d2.jpg,831,143,258,307,452
f832_d0.jpg,832,100,364,616,579
f832_d1.jpg,832,138,257,307,450
f832_d2.jpg,832,554,490,720,809
f832_d3.jpg,832,324,364,615,554
f833_d0.jpg,833,42,364,629,579
f833_d1.jpg,833,134,246,308,449
f833_d2.jpg,833,552,489,720,809
f834_d0.jpg,834,38,369,628,578
f834_d1.jpg,834,132,245,308,443
f834_d2.jpg,834,552,493,720,809
f835_d0.jpg,835,28,374,632,577
f835_d1.jpg,835,131,234,307,443
f835_d2.jpg,835,551,493,719,810
f836_d0.jpg,836,131,233,307,435
f836_d1.jpg,836,36,384,623,574
f836_d2.jpg,836,550,491,719,810
f837_d0.jpg,837,131,225,306,433
f837_d1.jpg,837,550,485,719,811
f837_d2.jpg,837,52,383,628,575
f838_d0.jpg,838,133,225,304,431
f838_d1.jpg,838,38,397,618,579
f838_d2.jpg,838,548,484,719,811
f839_d0.jpg,839,136,217,301,431
f839_d1.jpg,839,37,396,618,586
f839_d2.jpg,839,545,475,719,813
f840_d0.jpg,840,49,400,613,589
f840_d1.jpg,840,140,214,299,429
f840_d2.jpg,840,543,474,719,814
f841_d0.jpg,841,46,401,609,610
f841_d1.jpg,841,140,206,297,431
f841_d2.jpg,841,540,468,719,813
f842_d0.jpg,842,52,403,607,625
f842_d1.jpg,842,143,195,292,430
f842_d2.jpg,842,537,466,720,814
f843_d0.jpg,843,89,409,582,633
f843_d1.jpg,843,145,190,289,432
f843_d2.jpg,843,533,457,719,815
f844_d0.jpg,844,143,183,286,432
f844_d1.jpg,844,140,409,584,634
f844_d2.jpg,844,529,451,718,825
f845_d0.jpg,845,119,412,561,633
f845_d1.jpg,845,143,179,281,432
f845_d2.jpg,845,528,444,719,833
f846_d0.jpg,846,142,176,279,432
f846_d1.jpg,846,154,413,557,636
f846_d2.jpg,846,526,436,720,896
f847_d0.jpg,847,145,411,553,634
f847_d1.jpg,847,525,432,720,928
f847_d2.jpg,847,142,173,278,432
f848_d0.jpg,848,142,166,276,432
f848_d1.jpg,848,166,410,553,665
f848_d2.jpg,848,523,429,718,939
f849_d0.jpg,849,169,408,546,666
f849_d1.jpg,849,520,422,720,937
f849_d2.jpg,849,142,164,273,434
f850_d0.jpg,850,172,406,539,683
f850_d1.jpg,850,139,162,270,433
f850_d2.jpg,850,519,415,720,938
f851_d0.jpg,851,177,406,533,684
f851_d1.jpg,851,518,408,720,937
f851_d2.jpg,851,139,161,269,434
f852_d0.jpg,852,175,406,533,686
f852_d1.jpg,852,139,155,266,435
f852_d2.jpg,852,519,402,718,938
f853_d0.jpg,853,516,399,718,937
f853_d1.jpg,853,139,150,267,434
f853_d2.jpg,853,200,407,516,689
f854_d0.jpg,854,516,396,718,940
f854_d1.jpg,854,136,147,267,435
f854_d2.jpg,854,207,401,505,683
f855_d0.jpg,855,516,394,718,942
f855_d1.jpg,855,230,400,502,678
f855_d2.jpg,855,134,145,265,437
f856_d0.jpg,856,234,399,502,675
f856_d1.jpg,856,130,134,265,436
f856_d2.jpg,856,511,380,719,944
f857_d0.jpg,857,509,380,720,943
f857_d1.jpg,857,131,134,263,435
f857_d2.jpg,857,239,398,500,663
f858_d0.jpg,858,128,129,263,436
f858_d1.jpg,858,240,399,499,663
f858_d2.jpg,858,499,379,718,944
f859_d0.jpg,859,459,379,719,944
f859_d1.jpg,859,126,126,263,436
f859_d2.jpg,859,258,401,491,649
f860_d0.jpg,860,390,376,720,942
f860_d1.jpg,860,118,111,262,437
f860_d2.jpg,860,260,402,489,666
f861_d0.jpg,861,388,374,720,944
f861_d1.jpg,861,116,110,262,437
f861_d2.jpg,861,261,409,487,654
f862_d0.jpg,862,116,98,263,436
f862_d1.jpg,862,338,373,719,947
f862_d2.jpg,862,259,409,488,654
f863_d0.jpg,863,335,366,719,945
f863_d1.jpg,863,120,98,262,437
f863_d2.jpg,863,257,411,484,651
f864_d0.jpg,864,114,88,262,438
f864_d1.jpg,864,319,372,717,946
f864_d2.jpg,864,257,413,500,888
f864_d3.jpg,864,258,412,484,648
f865_d0.jpg,865,112,86,262,436
f865_d1.jpg,865,297,368,719,948
f865_d2.jpg,865,258,412,482,651
f866_d0.jpg,866,109,76,262,434
f866_d1.jpg,866,308,366,719,948
f866_d2.jpg,866,258,409,491,889
f867_d0.jpg,867,262,363,718,948
f867_d1.jpg,867,108,75,264,422
f867_d2.jpg,867,259,408,477,658
f867_d3.jpg,867,258,409,479,885
f868_d0.jpg,868,259,355,719,948
f868_d1.jpg,868,106,68,265,421
f869_d0.jpg,869,262,354,720,948
f869_d1.jpg,869,105,68,267,417
f870_d0.jpg,870,263,349,719,950
f870_d1.jpg,870,105,66,269,416
f871_d0.jpg,871,262,348,720,951
f871_d1.jpg,871,105,67,271,416
f872_d0.jpg,872,262,347,717,951
f872_d1.jpg,872,105,67,273,416
f873_d0.jpg,873,263,348,717,950
f873_d1.jpg,873,111,66,276,414
f874_d0.jpg,874,264,345,717,949
f874_d1.jpg,874,114,65,281,414
f875_d0.jpg,875,264,345,716,958
f875_d1.jpg,875,119,68,289,414
f876_d0.jpg,876,265,338,711,963
f876_d1.jpg,876,121,67,297,415
f877_d0.jpg,877,263,338,716,968
f877_d1.jpg,877,124,65,302,414
f878_d0.jpg,878,126,65,305,414
f878_d1.jpg,878,263,335,713,969
f879_d0.jpg,879,263,334,702,970
f879_d1.jpg,879,131,67,306,414
f880_d0.jpg,880,264,336,707,969
f880_d1.jpg,880,145,66,304,413
f881_d0.jpg,881,264,337,703,972
f881_d1.jpg,881,147,65,302,412
f882_d0.jpg,882,263,338,703,976
f882_d1.jpg,882,150,65,302,413
f883_d0.jpg,883,262,343,716,977
f883_d1.jpg,883,153,64,301,410
f884_d0.jpg,884,260,343,701,981
f884_d1.jpg,884,155,61,299,409
f885_d0.jpg,885,262,346,717,982
f885_d1.jpg,885,156,61,297,406
f886_d0.jpg,886,261,347,719,982
f886_d1.jpg,886,157,59,297,405
f887_d0.jpg,887,260,345,719,982
f887_d1.jpg,887,156,58,294,401
f888_d0.jpg,888,260,347,720,981
f888_d1.jpg,888,155,58,294,397
f889_d0.jpg,889,260,346,719,981
f889_d1.jpg,889,158,59,296,397
f890_d0.jpg,890,258,342,720,980
f890_d1.jpg,890,156,57,287,394
f891_d0.jpg,891,257,342,719,980
f891_d1.jpg,891,158,57,292,390
f892_d0.jpg,892,257,341,718,981
f892_d1.jpg,892,163,55,290,390
f893_d0.jpg,893,255,340,718,980
f893_d1.jpg,893,167,54,290,386
f894_d0.jpg,894,255,339,717,980
f894_d1.jpg,894,167,53,289,384
f895_d0.jpg,895,253,338,718,980
f895_d1.jpg,895,170,51,288,382
f896_d0.jpg,896,254,340,717,979
f896_d1.jpg,896,167,50,290,382
f897_d0.jpg,897,252,341,717,976
f897_d1.jpg,897,167,49,292,382
f898_d0.jpg,898,251,343,717,976
f898_d1.jpg,898,167,49,292,381
f899_d0.jpg,899,250,344,717,975
f899_d1.jpg,899,167,47,292,379
f900_d0.jpg,900,249,345,713,973
f900_d1.jpg,900,163,47,293,377
f901_d0.jpg,901,248,345,717,972
f901_d1.jpg,901,159,46,292,375
f902_d0.jpg,902,247,344,710,970
f902_d1.jpg,902,150,45,292,375
f903_d0.jpg,903,246,341,717,969
f903_d1.jpg,903,143,44,290,373
f904_d0.jpg,904,245,340,717,969
f904_d1.jpg,904,141,44,288,371
f905_d0.jpg,905,244,339,718,969
f905_d1.jpg,905,140,42,287,369
f906_d0.jpg,906,245,337,719,967
f906_d1.jpg,906,138,42,286,369
f907_d0.jpg,907,245,335,719,967
f907_d1.jpg,907,139,41,285,367
f908_d0.jpg,908,245,334,719,965
f908_d1.jpg,908,139,39,285,365
f909_d0.jpg,909,244,333,719,964
f909_d1.jpg,909,142,37,284,363
f910_d0.jpg,910,245,332,719,963
f910_d1.jpg,910,145,36,282,359
f911_d0.jpg,911,245,331,719,962
f911_d1.jpg,911,149,35,281,361
f912_d0.jpg,912,245,331,719,961
f912_d1.jpg,912,148,34,280,358
f913_d0.jpg,913,246,330,719,960
f913_d1.jpg,913,152,33,281,353
f914_d0.jpg,914,247,329,719,960
f914_d1.jpg,914,152,30,283,349
f915_d0.jpg,915,252,325,720,959
f915_d1.jpg,915,154,30,283,346
f916_d0.jpg,916,252,327,719,957
f916_d1.jpg,916,159,29,283,343
f917_d0.jpg,917,255,325,719,957
f917_d1.jpg,917,166,27,285,343
f918_d0.jpg,918,259,322,719,956
f918_d1.jpg,918,166,26,286,338
f919_d0.jpg,919,262,319,719,953
f919_d1.jpg,919,170,23,289,339
f920_d0.jpg,920,268,318,719,951
f920_d1.jpg,920,172,22,292,333
f921_d0.jpg,921,272,315,719,949
f921_d1.jpg,921,178,20,292,330
f922_d0.jpg,922,273,313,719,948
f922_d1.jpg,922,174,21,293,322
f923_d0.jpg,923,276,315,718,947
f923_d1.jpg,923,185,18,295,327
f924_d0.jpg,924,280,314,718,946
f924_d1.jpg,924,186,15,295,330
f925_d0.jpg,925,282,316,718,945
f925_d1.jpg,925,185,15,296,323
f926_d0.jpg,926,283,318,718,943
f926_d1.jpg,926,204,14,300,318
f927_d0.jpg,927,212,11,302,312
f927_d1.jpg,927,287,325,718,942
f928_d0.jpg,928,287,288,719,941
f928_d1.jpg,928,214,10,306,312
f929_d0.jpg,929,290,316,718,940
f929_d1.jpg,929,214,9,307,309
f930_d0.jpg,930,287,312,718,939
f930_d1.jpg,930,212,9,312,312
f931_d0.jpg,931,288,294,718,948
f931_d1.jpg,931,214,7,312,311
f932_d0.jpg,932,286,287,717,947
f932_d1.jpg,932,213,8,316,310
f933_d0.jpg,933,285,296,718,936
f933_d1.jpg,933,210,7,316,309
f934_d0.jpg,934,284,286,718,935
f934_d1.jpg,934,212,6,320,308
f935_d0.jpg,935,284,291,718,934
f935_d1.jpg,935,214,6,319,308
f936_d0.jpg,936,282,295,719,934
f936_d1.jpg,936,212,5,322,309
f937_d0.jpg,937,283,303,718,933
f937_d1.jpg,937,217,4,322,311
f938_d0.jpg,938,281,304,718,933
f938_d1.jpg,938,229,2,339,312
f939_d0.jpg,939,281,305,718,933
f939_d1.jpg,939,219,2,339,317
f939_d2.jpg,939,278,342,489,613
f940_d0.jpg,940,279,310,717,933
f940_d1.jpg,940,237,2,340,315
f941_d0.jpg,941,277,317,717,943
f941_d1.jpg,941,240,3,344,312
f941_d2.jpg,941,327,342,486,449
f942_d0.jpg,942,276,325,716,934
f942_d1.jpg,942,237,2,344,315
f942_d2.jpg,942,274,343,487,611
f943_d0.jpg,943,273,318,717,942
f943_d1.jpg,943,236,1,358,317
f944_d0.jpg,944,273,319,717,941
f944_d1.jpg,944,235,1,358,318
f945_d0.jpg,945,271,325,717,943
f945_d1.jpg,945,233,1,367,317
f945_d2.jpg,945,329,342,483,449
f946_d0.jpg,946,282,320,718,940
f946_d1.jpg,946,233,5,364,316
f946_d2.jpg,946,270,340,482,611
f947_d0.jpg,947,268,325,714,942
f947_d1.jpg,947,232,4,364,316
f948_d0.jpg,948,231,4,363,318
f948_d1.jpg,948,303,319,719,938
f948_d2.jpg,948,267,342,481,615
f949_d0.jpg,949,304,320,719,937
f949_d1.jpg,949,228,5,361,319
f949_d2.jpg,949,265,343,478,614
f950_d0.jpg,950,307,317,720,936
f950_d1.jpg,950,226,6,361,320
f950_d2.jpg,950,263,343,477,613
f951_d0.jpg,951,223,7,361,320
f951_d1.jpg,951,305,319,720,939
f951_d2.jpg,951,261,345,492,858
f951_d3.jpg,951,260,344,474,618
f952_d0.jpg,952,217,4,360,321
f952_d1.jpg,952,294,322,720,940
f952_d2.jpg,952,260,345,477,614
f953_d0.jpg,953,220,7,365,320
f953_d1.jpg,953,286,322,719,940
f953_d2.jpg,953,257,348,476,617
f954_d0.jpg,954,217,10,367,320
f954_d1.jpg,954,292,322,720,942
f954_d2.jpg,954,255,349,473,619
f955_d0.jpg,955,218,11,372,322
f955_d1.jpg,955,297,315,720,942
f955_d2.jpg,955,254,350,472,620
f956_d0.jpg,956,216,12,375,322
f956_d1.jpg,956,305,312,720,942
f956_d2.jpg,956,252,351,469,620
f957_d0.jpg,957,220,16,380,324
f957_d1.jpg,957,303,310,720,944
f957_d2.jpg,957,250,353,467,618
f958_d0.jpg,958,221,17,385,325
f958_d1.jpg,958,304,312,720,944
f958_d2.jpg,958,248,353,466,622
f959_d0.jpg,959,304,317,720,945
f959_d1.jpg,959,223,17,385,326
f959_d2.jpg,959,246,355,465,625
f960_d0.jpg,960,305,319,720,946
f960_d1.jpg,960,237,19,390,329
f960_d2.jpg,960,244,358,465,624
f961_d0.jpg,961,301,320,720,948
f961_d1.jpg,961,241,19,392,330
f961_d2.jpg,961,241,359,464,625
f962_d0.jpg,962,289,323,720,950
f962_d1.jpg,962,251,22,405,331
f962_d2.jpg,962,240,360,464,625
f963_d0.jpg,963,295,323,720,951
f963_d1.jpg,963,253,28,408,334
f963_d2.jpg,963,239,362,464,626
f964_d0.jpg,964,306,322,720,952
f964_d1.jpg,964,262,29,411,339
f964_d2.jpg,964,237,364,462,630
f965_d0.jpg,965,309,322,720,955
f965_d1.jpg,965,235,365,462,632
f965_d2.jpg,965,260,30,412,340
f966_d0.jpg,966,310,323,720,957
f966_d1.jpg,966,259,33,413,340
f966_d2.jpg,966,234,367,462,637
f967_d0.jpg,967,308,322,720,961
f967_d1.jpg,967,263,35,410,342
f967_d2.jpg,967,229,370,463,636
f968_d0.jpg,968,311,323,720,962
f968_d1.jpg,968,265,37,409,344
f968_d2.jpg,968,228,371,462,638
f969_d0.jpg,969,305,321,720,964
f969_d1.jpg,969,267,40,405,347
f969_d2.jpg,969,226,372,462,641
f970_d0.jpg,970,307,324,719,966
f970_d1.jpg,970,267,41,402,349
f970_d2.jpg,970,226,374,462,641
f971_d0.jpg,971,300,324,718,968
f971_d1.jpg,971,250,43,405,352
f971_d2.jpg,971,226,375,463,643
f972_d0.jpg,972,235,330,716,970
f972_d1.jpg,972,261,44,407,355
f973_d0.jpg,973,235,329,720,970
f973_d1.jpg,973,262,46,414,358
f974_d0.jpg,974,232,331,717,974
f974_d1.jpg,974,268,51,416,360
f975_d0.jpg,975,236,325,713,973
f975_d1.jpg,975,263,53,416,361
f976_d0.jpg,976,241,325,719,970
f976_d1.jpg,976,266,54,417,363
f977_d0.jpg,977,243,320,719,981
f977_d1.jpg,977,271,56,418,366
f977_d2.jpg,977,245,378,579,981
f978_d0.jpg,978,237,320,718,990
f978_d1.jpg,978,274,58,422,368
f979_d0.jpg,979,237,318,718,997
f979_d1.jpg,979,269,58,421,369
f980_d0.jpg,980,239,320,717,989
f980_d1.jpg,980,270,61,422,372
f981_d0.jpg,981,240,318,718,1002
f981_d1.jpg,981,266,62,420,373
f981_d2.jpg,981,0,247,77,390
f982_d0.jpg,982,245,315,719,998
f982_d1.jpg,982,264,64,420,374
f982_d2.jpg,982,2,247,79,389
f983_d0.jpg,983,243,313,718,1017
f983_d1.jpg,983,259,65,419,376
f984_d0.jpg,984,247,312,720,1018
f984_d1.jpg,984,261,64,414,376
f984_d2.jpg,984,0,248,79,392
f985_d0.jpg,985,244,315,720,1026
f985_d1.jpg,985,261,65,413,377
f985_d2.jpg,985,1,251,80,392
f986_d0.jpg,986,241,320,719,1031
f986_d1.jpg,986,261,65,413,378
f987_d0.jpg,987,237,324,719,1030
f987_d1.jpg,987,267,66,415,381
f988_d0.jpg,988,239,329,720,1030
f988_d1.jpg,988,270,66,413,383
f989_d0.jpg,989,238,345,716,1033
f989_d1.jpg,989,261,65,412,385
f990_d0.jpg,990,238,341,719,1033
f990_d1.jpg,990,261,67,413,385
f991_d0.jpg,991,230,342,719,1033
f991_d1.jpg,991,256,68,411,386
f992_d0.jpg,992,225,345,719,1035
f992_d1.jpg,992,251,69,408,388
f993_d0.jpg,993,194,355,720,1040
f993_d1.jpg,993,252,70,406,388
f994_d0.jpg,994,179,363,720,1041
f994_d1.jpg,994,249,71,403,390
f995_d0.jpg,995,247,70,402,392
f995_d1.jpg,995,129,369,719,1047
f996_d0.jpg,996,116,385,718,1058
f996_d1.jpg,996,246,71,399,394
f997_d0.jpg,997,103,390,717,1121
f997_d1.jpg,997,245,73,394,394
f998_d0.jpg,998,100,396,719,1152
f998_d1.jpg,998,241,74,390,395
f999_d0.jpg,999,239,76,390,395
f999_d1.jpg,999,98,407,681,1217
f1000_d0.jpg,1000,97,414,708,1210
f1000_d1.jpg,1000,239,77,388,396
f1000_d2.jpg,1000,556,377,719,871
f1001_d0.jpg,1001,238,78,386,397
f1001_d1.jpg,1001,103,423,479,1221
f1001_d2.jpg,1001,389,380,719,881
f1001_d3.jpg,1001,102,402,707,1223
f1002_d0.jpg,1002,237,79,386,398
f1002_d1.jpg,1002,101,434,691,1230
f1002_d2.jpg,1002,444,384,720,874
f1003_d0.jpg,1003,235,80,384,401
f1003_d1.jpg,1003,88,434,669,1227
f1003_d2.jpg,1003,71,416,452,573
f1003_d3.jpg,1003,470,418,719,1047
f1004_d0.jpg,1004,235,80,384,401
f1004_d1.jpg,1004,69,414,510,1224
f1004_d2.jpg,1004,467,397,719,1048
f1005_d0.jpg,1005,36,422,518,1229
f1005_d1.jpg,1005,234,80,381,407
f1005_d2.jpg,1005,480,559,718,1045
f1005_d3.jpg,1005,464,386,720,1044
f1006_d0.jpg,1006,1,418,522,1227
f1006_d1.jpg,1006,233,82,378,406
f1006_d2.jpg,1006,415,382,718,1042
f1006_d3.jpg,1006,488,568,718,1048
f1007_d0.jpg,1007,1,418,520,1227
f1007_d1.jpg,1007,233,82,378,406
f1007_d2.jpg,1007,416,382,718,1043
f1007_d3.jpg,1007,487,568,718,1048
